Age,Gender,Education Level,Department,Job Title,Years of Experience,Location,Salary
39.0,Female,Bachelor's,Sales,Account Manager,9.0,Metro City,67686.63
30.0,Male,Master's,Operations,Operations Manager,5.0,Metro City,77691.69
35.0,Male,High School,Finance,Finance Manager,6.0,Tier-2 City,44256.84
40.0,Male,Bachelor's,Marketing,Marketing Executive,11.0,Metro City,67852.23
29.0,Male,Master's,Finance,Finance Manager,8.0,Tier-2 City,81761.4
38.0,Male,Bachelor's,Operations,Operations Manager,8.0,Tier-2 City,64834.85
21.0,Female,Master's,Operations,Logistics Coordinator,0.0,Tier-2 City,43972.2
49.0,Female,PhD,Marketing,SEO Specialist,,Metro City,112775.26
34.0,Male,Bachelor's,HR,Recruiter,6.0,Tier-2 City,45130.16
41.0,Male,Bachelor's,Operations,Operations Analyst,5.0,Tier-2 City,47523.76
42.0,Male,High School,Operations,Logistics Coordinator,13.0,Tier-2 City,41649.02
38.0,Male,Bachelor's,Marketing,SEO Specialist,8.0,Metro City,63236.98
22.0,Male,PhD,Marketing,SEO Specialist,2.0,Tier-2 City,63680.27
30.0,Female,Master's,Finance,Accountant,9.0,Remote,78100.63
28.0,Male,PhD,IT,Software Engineer,2.0,Tier-2 City,82423.93
30.0,Male,Bachelor's,HR,HR Manager,1.0,Metro City,57389.6
21.0,Male,Bachelor's,Finance,Accountant,1.0,Tier-2 City,39020.86
39.0,Female,Bachelor's,Marketing,Marketing Executive,10.0,Tier-2 City,56407.16
38.0,Male,Bachelor's,Finance,Finance Manager,17.0,Tier-2 City,86593.61
26.0,Male,Master's,IT,Software Engineer,5.0,Metro City,99316.59
50.0,Male,Bachelor's,HR,Recruiter,19.0,Metro City,72344.52
48.0,Female,High School,Operations,Operations Manager,12.0,Metro City,54647.78
44.0,Female,Bachelor's,Sales,Sales Executive,15.0,Metro City,69684.85
45.0,Male,Master's,HR,HR Executive,16.0,Metro City,94259.75
37.0,Male,High School,HR,HR Executive,12.0,Metro City,40811.92
24.0,Female,Master's,IT,Data Analyst,4.0,Metro City,84634.26
41.0,Female,Master's,IT,DevOps Engineer,16.0,Metro City,126230.45
28.0,Male,PhD,HR,Recruiter,7.0,Tier-2 City,69241.42
59.0,Male,Bachelor's,Marketing,SEO Specialist,21.0,Tier-2 City,75484.46
36.0,Male,Master's,HR,HR Executive,11.0,Metro City,70595.2
26.0,Male,Bachelor's,Sales,Sales Executive,0.0,Metro City,39882.98
47.0,Male,Bachelor's,IT,IT Support,18.0,Tier-2 City,85127.43
21.0,Male,Bachelor's,Marketing,Marketing Manager,1.0,Metro City,54977.32
39.0,Male,Bachelor's,Operations,Logistics Coordinator,10.0,Tier-2 City,49067.07
21.0,Female,High School,Finance,Accountant,1.0,Remote,25260.83
31.0,Male,Master's,Finance,Accountant,8.0,Metro City,83576.95
56.0,Female,Master's,Marketing,Marketing Manager,27.0,Tier-2 City,124868.07
29.0,Male,Bachelor's,Sales,Sales Manager,1.0,Metro City,64039.56
37.0,Female,Master's,Marketing,Marketing Executive,2.0,Remote,57585.54
49.0,Female,Bachelor's,Marketing,Marketing Manager,13.0,Metro City,82464.03
32.0,Male,Bachelor's,Finance,Financial Analyst,12.0,Tier-2 City,60829.83
36.0,Female,Master's,Marketing,Marketing Executive,8.0,Metro City,84170.77
36.0,Male,Bachelor's,HR,HR Manager,6.0,Tier-2 City,55094.45
32.0,Female,Master's,HR,HR Executive,8.0,Metro City,73762.24
37.0,Male,Bachelor's,Sales,Sales Manager,6.0,Metro City,66737.22
42.0,Male,Master's,Finance,Financial Analyst,15.0,Remote,94315.55
27.0,Female,Master's,IT,IT Support,1.0,Metro City,82771.83
29.0,Male,PhD,Marketing,SEO Specialist,4.0,Tier-2 City,76865.72
46.0,Male,Master's,IT,DevOps Engineer,14.0,Metro City,126159.58
33.0,Female,Bachelor's,HR,HR Executive,3.0,Tier-2 City,45123.36
31.0,Female,PhD,Operations,Logistics Coordinator,7.0,Metro City,92710.81
50.0,Female,PhD,IT,Software Engineer,20.0,Remote,160908.72
22.0,Male,Master's,Sales,Sales Executive,0.0,Tier-2 City,46859.27
21.0,Female,Master's,Marketing,Marketing Manager,1.0,Tier-2 City,60694.71
21.0,Female,Bachelor's,HR,Recruiter,0.0,Metro City,37140.29
21.0,Female,Master's,IT,IT Support,1.0,Tier-2 City,64426.09
34.0,Male,Master's,Operations,Operations Analyst,9.0,Remote,65734.32
35.0,Male,Bachelor's,IT,Software Engineer,8.0,Tier-2 City,66392.99
54.0,Female,PhD,IT,IT Support,15.0,Metro City,174389.31
27.0,Male,Bachelor's,Sales,Sales Executive,0.0,Remote,35809.86
21.0,Female,Master's,Marketing,Marketing Executive,1.0,Remote,54256.87
48.0,Male,PhD,IT,Data Analyst,15.0,Remote,139457.23
37.0,Male,PhD,HR,HR Executive,4.0,Remote,58770.07
26.0,Male,High School,Marketing,Marketing Manager,4.0,Remote,42977.22
49.0,Female,Bachelor's,Marketing,Marketing Manager,18.0,Metro City,93817.68
26.0,Male,Master's,HR,Recruiter,0.0,Metro City,50211.08
29.0,Male,Master's,Operations,Operations Manager,9.0,Remote,77017.13
42.0,Female,Master's,HR,Recruiter,15.0,Tier-2 City,78283.58
21.0,Female,Bachelor's,Sales,Account Manager,1.0,Tier-2 City,47968.65
47.0,Female,Master's,Operations,Logistics Coordinator,8.0,Tier-2 City,66370.7
39.0,Male,Bachelor's,HR,HR Manager,2.0,Tier-2 City,51310.79
26.0,Male,Master's,Marketing,Marketing Manager,5.0,Metro City,84202.73
30.0,Male,High School,Operations,Operations Analyst,9.0,Tier-2 City,33946.12
32.0,Male,Bachelor's,IT,Data Analyst,4.0,Metro City,67967.37
33.0,Female,Master's,Marketing,SEO Specialist,6.0,Tier-2 City,61526.81
35.0,Female,Bachelor's,HR,Recruiter,7.0,Tier-2 City,43946.02
35.0,Male,High School,Sales,Sales Manager,12.0,Tier-2 City,45213.23
26.0,Male,High School,Sales,Sales Manager,0.0,Metro City,38609.69
36.0,Female,Master's,Marketing,Marketing Manager,12.0,Metro City,112335.15
44.0,Female,Bachelor's,Operations,Operations Manager,11.0,Tier-2 City,62335.59
34.0,Male,PhD,Marketing,Marketing Manager,1.0,Metro City,91978.16
21.0,Female,High School,Operations,Operations Manager,1.0,Metro City,40476.96
39.0,Female,Bachelor's,Sales,Account Manager,6.0,Remote,57716.07
40.0,Female,Bachelor's,Operations,Operations Analyst,14.0,Tier-2 City,59024.72
33.0,Female,Bachelor's,Sales,Sales Executive,9.0,Metro City,59718.11
41.0,Female,Master's,HR,HR Manager,8.0,Metro City,91918.47
39.0,Male,PhD,HR,HR Executive,13.0,Metro City,108088.35
33.0,Female,High School,Marketing,Marketing Manager,9.0,Tier-2 City,48195.52
31.0,Male,Master's,Operations,Operations Analyst,7.0,Remote,64714.25
,Male,Bachelor's,IT,Software Engineer,0.0,Metro City,57419.7
41.0,Male,Bachelor's,HR,HR Manager,2.0,Remote,46049.95
45.0,Male,Master's,HR,HR Executive,16.0,Metro City,97947.43
25.0,Female,High School,Operations,Operations Manager,0.0,Tier-2 City,33533.66
42.0,Female,High School,Marketing,Marketing Executive,17.0,Metro City,51075.02
43.0,Female,Master's,Finance,Accountant,16.0,Metro City,109120.65
30.0,Female,Bachelor's,Operations,Logistics Coordinator,1.0,Metro City,36144.73
36.0,Female,High School,Finance,Finance Manager,16.0,Remote,65175.57
40.0,Female,Master's,Sales,Sales Executive,12.0,Metro City,84510.86
36.0,Female,Bachelor's,Operations,Operations Analyst,9.0,Remote,59671.67
39.0,Male,High School,Marketing,Marketing Manager,14.0,Metro City,58597.7
42.0,Female,Bachelor's,Sales,Account Manager,2.0,Tier-2 City,48040.32
32.0,Male,High School,Operations,Operations Analyst,6.0,Remote,25519.49
44.0,Female,High School,Marketing,Marketing Executive,5.0,Metro City,35959.36
33.0,Female,Bachelor's,HR,Recruiter,4.0,Tier-2 City,39672.5
30.0,Female,Bachelor's,HR,HR Manager,0.0,Metro City,53321.85
51.0,Male,Bachelor's,Finance,Financial Analyst,23.0,Metro City,103181.02
35.0,Male,Master's,Sales,Sales Executive,7.0,Metro City,76948.61
28.0,Female,High School,HR,Recruiter,1.0,Metro City,25163.4
35.0,Male,Master's,Sales,Account Manager,7.0,Metro City,89738.36
38.0,Female,Bachelor's,Sales,Account Manager,5.0,Tier-2 City,59355.77
41.0,Male,Master's,Marketing,Marketing Manager,13.0,Remote,91290.47
44.0,Male,Bachelor's,Marketing,Marketing Executive,6.0,Metro City,62533.53
21.0,Male,PhD,Operations,Operations Analyst,1.0,Remote,64007.38
34.0,Female,Bachelor's,IT,Data Analyst,,Tier-2 City,79002.9
25.0,Female,Master's,Marketing,SEO Specialist,1.0,Remote,56973.61
36.0,Male,High School,Finance,Finance Manager,8.0,Metro City,47476.25
31.0,Male,Master's,Sales,Sales Executive,3.0,Tier-2 City,46206.94
23.0,Male,High School,HR,HR Executive,3.0,Tier-2 City,21339.9
29.0,Male,Bachelor's,IT,IT Support,0.0,Metro City,55027.1
58.0,Female,PhD,Finance,Finance Manager,17.0,Metro City,165751.08
29.0,Male,Bachelor's,Sales,Sales Executive,5.0,Tier-2 City,43727.54
50.0,Female,Bachelor's,Marketing,SEO Specialist,19.0,Metro City,84937.62
21.0,Male,PhD,Marketing,Marketing Executive,1.0,Remote,62036.28
32.0,Male,Master's,Marketing,Marketing Manager,9.0,Tier-2 City,81965.32
47.0,Male,Master's,Sales,Account Manager,18.0,Remote,96571.51
58.0,Male,High School,Sales,Account Manager,17.0,Remote,59919.98
45.0,Female,Bachelor's,Sales,Account Manager,13.0,Metro City,78206.94
39.0,Male,High School,Finance,Finance Manager,6.0,Metro City,58835.24
48.0,Male,Master's,Marketing,Marketing Manager,16.0,Remote,96955.64
21.0,Female,High School,HR,Recruiter,0.0,Remote,17897.83
46.0,Male,Bachelor's,IT,DevOps Engineer,11.0,Remote,69762.38
21.0,Female,Bachelor's,Operations,Operations Manager,0.0,Metro City,50333.25
21.0,Female,Bachelor's,Sales,Sales Executive,0.0,Tier-2 City,34569.97
27.0,Female,PhD,IT,IT Support,7.0,Remote,105487.36
45.0,Male,Bachelor's,Sales,Sales Executive,20.0,Metro City,86193.82
29.0,Male,High School,Sales,Sales Manager,3.0,Tier-2 City,34942.5
38.0,Male,Bachelor's,IT,Software Engineer,8.0,Remote,67604.3
45.0,Male,Bachelor's,Sales,Sales Manager,11.0,Remote,69566.67
40.0,Male,Bachelor's,Operations,Logistics Coordinator,19.0,Tier-2 City,60531.82
34.0,Male,Master's,Marketing,SEO Specialist,0.0,Remote,48359.22
46.0,Female,Bachelor's,Operations,Logistics Coordinator,9.0,Remote,50053.76
30.0,Male,Bachelor's,Finance,Finance Manager,6.0,Remote,63804.19
34.0,Female,High School,HR,HR Executive,9.0,Tier-2 City,31680.36
31.0,Female,Bachelor's,IT,DevOps Engineer,6.0,Metro City,74000.03
40.0,Female,High School,Operations,Logistics Coordinator,19.0,Tier-2 City,40911.47
37.0,Female,PhD,HR,HR Executive,7.0,Tier-2 City,72109.31
32.0,Male,High School,Sales,Sales Manager,12.0,Remote,47087.08
52.0,Female,Bachelor's,IT,Data Analyst,15.0,Metro City,99178.8
29.0,Male,Bachelor's,Sales,Sales Executive,7.0,Remote,53520.31
35.0,Male,Master's,HR,Recruiter,5.0,Remote,56949.01
38.0,Female,PhD,HR,HR Executive,10.0,Metro City,92916.95
24.0,Female,Master's,Finance,Accountant,3.0,Remote,60552.17
39.0,Male,Master's,Marketing,SEO Specialist,10.0,Tier-2 City,69654.27
35.0,Female,Bachelor's,Operations,Operations Manager,7.0,Tier-2 City,52930.54
22.0,Female,Bachelor's,Finance,Finance Manager,2.0,Tier-2 City,58667.58
21.0,Male,PhD,Operations,Operations Manager,0.0,Tier-2 City,63277.36
21.0,Female,Master's,Operations,Operations Analyst,1.0,Metro City,52015.58
34.0,Male,PhD,Operations,Operations Analyst,7.0,Tier-2 City,70585.72
27.0,Male,High School,Finance,Accountant,4.0,Metro City,38658.94
25.0,Female,Master's,IT,DevOps Engineer,0.0,Tier-2 City,58892.56
51.0,Female,Master's,Operations,Operations Manager,18.0,Tier-2 City,101155.15
33.0,Female,Bachelor's,IT,DevOps Engineer,6.0,Tier-2 City,65544.98
29.0,Female,Bachelor's,Operations,Operations Analyst,3.0,Metro City,49859.15
45.0,Male,Bachelor's,IT,IT Support,10.0,Tier-2 City,72836.64
40.0,Male,High School,IT,IT Support,6.0,Tier-2 City,41687.28
40.0,Female,Bachelor's,Finance,Accountant,6.0,Remote,50382.19
21.0,Female,Bachelor's,Sales,Account Manager,1.0,Remote,44609.67
29.0,Female,PhD,Marketing,SEO Specialist,7.0,Metro City,96036.67
30.0,Female,Master's,Operations,Operations Manager,10.0,Tier-2 City,72937.06
33.0,Male,High School,IT,DevOps Engineer,13.0,Tier-2 City,41984.78
31.0,Female,Bachelor's,Marketing,Marketing Executive,1.0,Metro City,46981.8
38.0,Female,Bachelor's,Sales,Sales Manager,10.0,Metro City,71959.53
54.0,Female,Bachelor's,Operations,Operations Analyst,13.0,Tier-2 City,58788.35
21.0,Female,Master's,Operations,Logistics Coordinator,1.0,Metro City,54835.77
34.0,Male,PhD,Marketing,Marketing Executive,7.0,Metro City,103739.24
34.0,Male,Bachelor's,HR,HR Manager,11.0,Metro City,72875.21
,Male,High School,Sales,Sales Manager,3.0,Tier-2 City,37069.52
31.0,Female,Bachelor's,Sales,Account Manager,9.0,Tier-2 City,57883.6
56.0,Female,Bachelor's,Finance,Finance Manager,19.0,Remote,97323.09
45.0,Male,Master's,Sales,Sales Manager,20.0,Tier-2 City,96737.79
34.0,Female,Master's,Marketing,SEO Specialist,9.0,Tier-2 City,67245.45
43.0,Male,Master's,IT,IT Support,15.0,Metro City,130404.1
33.0,Male,High School,IT,DevOps Engineer,7.0,Tier-2 City,33386.56
44.0,Male,Bachelor's,Operations,Operations Manager,4.0,Tier-2 City,60889.04
39.0,Female,Bachelor's,Marketing,Marketing Manager,6.0,Remote,63366.13
24.0,Male,Bachelor's,Operations,Operations Manager,4.0,Tier-2 City,44050.01
46.0,Male,Master's,Marketing,SEO Specialist,14.0,Metro City,98113.86
39.0,Male,Bachelor's,HR,HR Executive,6.0,Remote,41150.05
21.0,Female,Master's,IT,Software Engineer,1.0,Metro City,76930.06
33.0,Female,Bachelor's,IT,Data Analyst,13.0,Metro City,92634.24
33.0,Male,Master's,Finance,Financial Analyst,10.0,Tier-2 City,76678.04
39.0,Female,Master's,Sales,Sales Manager,7.0,Metro City,85529.85
36.0,Female,Bachelor's,Finance,Accountant,9.0,Tier-2 City,59249.45
43.0,Female,Master's,Marketing,SEO Specialist,11.0,Metro City,86503.73
34.0,Male,Bachelor's,Marketing,SEO Specialist,12.0,Metro City,72680.59
24.0,Male,Master's,Sales,Account Manager,4.0,Metro City,72676.64
50.0,Male,Bachelor's,Operations,Logistics Coordinator,14.0,Tier-2 City,60234.54
32.0,Female,Bachelor's,IT,DevOps Engineer,11.0,Metro City,92648.71
45.0,Male,Master's,Finance,Financial Analyst,7.0,Metro City,82541.21
42.0,Female,Master's,Operations,Operations Manager,11.0,Metro City,88916.88
21.0,Female,Bachelor's,Finance,Accountant,0.0,Tier-2 City,36482.58
40.0,Male,High School,IT,DevOps Engineer,17.0,Tier-2 City,52581.27
30.0,Male,PhD,Finance,Financial Analyst,0.0,Remote,79030.15
38.0,Male,Master's,Operations,Operations Manager,10.0,Metro City,90791.36
32.0,Male,Bachelor's,Sales,Account Manager,4.0,Metro City,68885.26
35.0,Male,PhD,Finance,Financial Analyst,9.0,Metro City,122857.25
21.0,Male,Master's,Operations,Operations Manager,0.0,Remote,59034.54
40.0,Male,High School,Sales,Account Manager,6.0,Metro City,48514.44
35.0,Female,High School,Operations,Operations Analyst,8.0,Remote,41009.07
32.0,Female,Bachelor's,IT,Software Engineer,0.0,Metro City,59023.85
39.0,Male,Bachelor's,Operations,Operations Manager,10.0,Metro City,73834.19
32.0,Male,Bachelor's,IT,Data Analyst,1.0,Tier-2 City,50999.15
40.0,Male,Bachelor's,IT,IT Support,16.0,Metro City,98018.06
42.0,Male,Master's,IT,Software Engineer,18.0,Tier-2 City,116318.98
43.0,Male,Bachelor's,Marketing,SEO Specialist,6.0,Metro City,58487.62
24.0,Male,Master's,Operations,Logistics Coordinator,4.0,Metro City,65642.69
31.0,Male,Master's,Sales,Account Manager,5.0,Tier-2 City,71923.33
30.0,Female,Bachelor's,HR,Recruiter,0.0,Tier-2 City,30632.15
28.0,Male,Master's,Finance,Accountant,2.0,Tier-2 City,52298.35
21.0,Male,Master's,IT,Data Analyst,0.0,Metro City,77664.67
41.0,Male,PhD,Marketing,SEO Specialist,9.0,Tier-2 City,85149.47
21.0,Male,Master's,Marketing,Marketing Executive,1.0,Metro City,60443.2
42.0,Female,High School,IT,Software Engineer,17.0,Tier-2 City,51263.1
21.0,Female,PhD,Marketing,Marketing Manager,0.0,Remote,69562.29
33.0,Male,Bachelor's,IT,IT Support,4.0,Tier-2 City,53235.16
27.0,Male,PhD,Sales,Sales Executive,7.0,Metro City,95364.99
25.0,Male,PhD,Finance,Accountant,2.0,Metro City,92236.37
33.0,Male,Bachelor's,IT,Data Analyst,0.0,Remote,43492.41
30.0,Male,Master's,Marketing,SEO Specialist,,Tier-2 City,59611.66
31.0,Male,Bachelor's,Operations,Operations Manager,1.0,Tier-2 City,50594.39
40.0,Male,Bachelor's,HR,HR Executive,15.0,Remote,58901.41
29.0,Female,Bachelor's,Marketing,Marketing Manager,9.0,Tier-2 City,64199.45
37.0,Male,Bachelor's,Marketing,Marketing Manager,17.0,Remote,85457.88
41.0,Male,Bachelor's,Sales,Sales Manager,10.0,Metro City,73923.18
50.0,Female,Bachelor's,IT,DevOps Engineer,18.0,Tier-2 City,86680.94
35.0,Female,High School,Sales,Sales Executive,5.0,Metro City,38143.98
27.0,Male,Master's,Marketing,Marketing Manager,2.0,Metro City,82469.37
31.0,Female,Bachelor's,Marketing,Marketing Manager,0.0,Tier-2 City,44087.17
45.0,Male,Bachelor's,Finance,Financial Analyst,11.0,Tier-2 City,62967.57
28.0,Female,Bachelor's,Sales,Account Manager,8.0,Metro City,74547.54
,Male,High School,Marketing,Marketing Manager,12.0,Remote,52993.45
30.0,Male,Bachelor's,IT,Data Analyst,6.0,Metro City,71660.72
41.0,Male,Bachelor's,Operations,Logistics Coordinator,15.0,Metro City,74884.68
32.0,Male,Bachelor's,Marketing,Marketing Manager,1.0,Metro City,61989.01
30.0,Male,Bachelor's,Marketing,SEO Specialist,8.0,Metro City,65865.37
33.0,Female,Bachelor's,Marketing,Marketing Manager,6.0,Tier-2 City,64866.75
35.0,Male,High School,Operations,Operations Analyst,8.0,Tier-2 City,32327.19
36.0,Male,High School,HR,Recruiter,4.0,Remote,24578.4
27.0,Female,Bachelor's,Marketing,Marketing Manager,0.0,Metro City,56208.73
34.0,Male,PhD,IT,IT Support,8.0,Metro City,129053.91
37.0,Female,PhD,Sales,Sales Manager,9.0,Metro City,118646.12
26.0,Female,Bachelor's,IT,IT Support,0.0,Metro City,59884.69
29.0,Male,Master's,IT,Software Engineer,9.0,Remote,87678.09
22.0,Male,Master's,Operations,Operations Manager,2.0,Remote,64476.13
25.0,Female,Bachelor's,Sales,Sales Manager,1.0,Remote,56639.28
32.0,Male,Master's,HR,Recruiter,5.0,Tier-2 City,48747.63
29.0,Male,Bachelor's,Operations,Operations Manager,1.0,Metro City,57382.93
27.0,Male,Bachelor's,Finance,Accountant,4.0,Tier-2 City,49985.74
27.0,Male,Bachelor's,Sales,Account Manager,4.0,Metro City,67184.36
39.0,Male,Master's,Finance,Financial Analyst,3.0,Tier-2 City,61752.28
45.0,Male,PhD,Sales,Sales Manager,15.0,Metro City,131949.2
36.0,Female,Bachelor's,Marketing,SEO Specialist,16.0,Metro City,79539.82
27.0,Female,Bachelor's,Marketing,Marketing Executive,7.0,Tier-2 City,50039.6
,Male,High School,Operations,Operations Analyst,2.0,Remote,27900.92
23.0,Female,High School,Finance,Financial Analyst,0.0,Tier-2 City,25871.1
46.0,Male,Bachelor's,Sales,Sales Executive,12.0,Metro City,72874.41
37.0,Male,PhD,HR,Recruiter,7.0,Metro City,83902.54
53.0,Female,Master's,HR,Recruiter,19.0,Metro City,99288.54
30.0,Male,High School,Operations,Operations Analyst,6.0,Tier-2 City,27845.11
29.0,Female,Bachelor's,IT,Software Engineer,2.0,Metro City,62739.37
38.0,Male,Master's,Finance,Financial Analyst,10.0,Remote,83572.4
38.0,Male,Bachelor's,Operations,Operations Analyst,3.0,Tier-2 City,35376.89
37.0,Male,Bachelor's,IT,DevOps Engineer,9.0,Tier-2 City,66198.49
38.0,Female,Bachelor's,IT,DevOps Engineer,10.0,Metro City,86121.93
,Male,Master's,Operations,Operations Manager,9.0,Metro City,89130.45
33.0,Male,Bachelor's,Marketing,SEO Specialist,10.0,Metro City,64702.58
40.0,Male,Master's,Sales,Sales Executive,17.0,Metro City,102957.06
55.0,Female,Bachelor's,Operations,Operations Manager,12.0,Tier-2 City,66014.5
23.0,Male,Bachelor's,Marketing,Marketing Executive,3.0,Tier-2 City,37853.52
34.0,Male,Bachelor's,HR,Recruiter,13.0,Tier-2 City,50499.66
32.0,Male,Master's,Sales,Sales Manager,3.0,Tier-2 City,67974.0
33.0,Male,High School,HR,HR Manager,10.0,Remote,45076.17
33.0,Male,Master's,Marketing,Marketing Executive,0.0,Tier-2 City,47967.77
28.0,Female,Bachelor's,Operations,Operations Analyst,0.0,Metro City,42602.59
36.0,Male,Bachelor's,IT,IT Support,5.0,Tier-2 City,57328.11
29.0,Male,Bachelor's,Marketing,Marketing Executive,8.0,Tier-2 City,49914.83
43.0,Female,Master's,IT,IT Support,10.0,Metro City,113912.46
39.0,Male,Master's,IT,IT Support,13.0,Tier-2 City,93432.49
36.0,Male,PhD,Finance,Accountant,5.0,Metro City,101307.97
48.0,Female,Master's,Operations,Operations Manager,16.0,Metro City,110272.58
39.0,Female,Bachelor's,HR,HR Manager,6.0,Metro City,63858.7
33.0,Male,Bachelor's,Marketing,Marketing Manager,4.0,Tier-2 City,57174.96
46.0,Female,Master's,Operations,Logistics Coordinator,10.0,Metro City,76347.27
43.0,Male,Master's,HR,Recruiter,18.0,Remote,79284.84
33.0,Male,Bachelor's,Sales,Account Manager,10.0,Tier-2 City,67563.91
45.0,Male,Bachelor's,IT,Software Engineer,9.0,Remote,70494.03
37.0,Male,High School,HR,HR Manager,0.0,Tier-2 City,39827.43
36.0,Female,Bachelor's,Marketing,Marketing Manager,8.0,Metro City,76613.65
34.0,Male,High School,HR,HR Executive,6.0,Tier-2 City,29923.22
32.0,Male,PhD,Finance,Accountant,9.0,Remote,98299.63
34.0,Male,Bachelor's,Finance,Financial Analyst,9.0,Metro City,76570.05
55.0,Female,Master's,Marketing,SEO Specialist,12.0,Metro City,92975.64
53.0,Male,Master's,Finance,Finance Manager,18.0,Metro City,133210.4
31.0,Male,Master's,Operations,Operations Analyst,2.0,Tier-2 City,52062.25
50.0,Male,Master's,Marketing,Marketing Manager,15.0,Metro City,114930.6
50.0,Female,High School,IT,DevOps Engineer,15.0,Metro City,65011.67
33.0,Female,Bachelor's,Operations,Logistics Coordinator,2.0,Metro City,57903.77
23.0,Female,Bachelor's,HR,HR Manager,3.0,Tier-2 City,48955.97
34.0,Male,Master's,Finance,Finance Manager,11.0,Remote,93689.32
33.0,Female,Bachelor's,Operations,Operations Analyst,9.0,Remote,40044.89
34.0,Female,Master's,Operations,Operations Manager,6.0,Metro City,77824.2
22.0,Female,Bachelor's,Operations,Logistics Coordinator,2.0,Metro City,46658.3
45.0,Male,High School,Marketing,Marketing Executive,7.0,Tier-2 City,35595.07
44.0,Male,Bachelor's,Operations,Logistics Coordinator,12.0,Metro City,63367.84
27.0,Female,PhD,Sales,Sales Executive,2.0,Remote,60632.35
36.0,Male,Bachelor's,Finance,Accountant,11.0,Metro City,78400.25
21.0,Male,Bachelor's,Operations,Operations Manager,0.0,Metro City,53358.44
31.0,Female,Bachelor's,IT,Data Analyst,4.0,Metro City,63934.97
41.0,Male,Master's,Operations,Operations Manager,13.0,Metro City,101851.8
40.0,Female,Bachelor's,Sales,Account Manager,6.0,Metro City,69478.44
26.0,Male,High School,IT,Data Analyst,6.0,Tier-2 City,40618.57
49.0,Female,Bachelor's,Finance,Financial Analyst,7.0,Metro City,66942.07
36.0,Female,Bachelor's,Sales,Account Manager,4.0,Remote,50721.54
24.0,Female,Master's,IT,DevOps Engineer,4.0,Tier-2 City,71488.11
31.0,Female,Bachelor's,Finance,Finance Manager,3.0,Remote,57029.9
44.0,Male,Master's,Marketing,Marketing Manager,11.0,Remote,89649.22
21.0,Male,Bachelor's,Operations,Logistics Coordinator,0.0,Metro City,45472.93
32.0,Female,Bachelor's,Operations,Operations Analyst,5.0,Tier-2 City,49688.32
41.0,Male,Master's,Operations,Operations Analyst,10.0,Tier-2 City,73685.21
26.0,Male,High School,Operations,Operations Manager,6.0,Tier-2 City,41840.19
37.0,Male,PhD,Sales,Sales Manager,6.0,Tier-2 City,85143.19
45.0,Female,Bachelor's,Sales,Sales Manager,16.0,Tier-2 City,76035.86
44.0,Female,Bachelor's,Sales,Account Manager,10.0,Tier-2 City,64929.03
28.0,Male,Bachelor's,IT,Software Engineer,0.0,Tier-2 City,44862.03
40.0,Female,Bachelor's,Marketing,Marketing Executive,6.0,Remote,51809.2
37.0,Female,Bachelor's,HR,HR Executive,2.0,Metro City,42025.26
34.0,Female,Bachelor's,Sales,Sales Manager,1.0,Remote,52932.31
21.0,Female,Master's,IT,IT Support,1.0,Tier-2 City,63689.01
42.0,Female,Bachelor's,HR,Recruiter,13.0,Remote,58129.57
35.0,Male,Master's,IT,IT Support,13.0,Metro City,116854.15
45.0,Female,Bachelor's,IT,IT Support,18.0,Metro City,100400.8
28.0,Female,Bachelor's,Operations,Operations Manager,7.0,Tier-2 City,57221.28
33.0,Female,Master's,Finance,Financial Analyst,1.0,Metro City,69767.52
38.0,Male,PhD,HR,HR Executive,10.0,Metro City,97986.45
28.0,Female,PhD,Finance,Finance Manager,5.0,Tier-2 City,99164.24
26.0,Male,PhD,Sales,Sales Manager,2.0,Tier-2 City,77506.39
41.0,Female,Bachelor's,Sales,Sales Manager,6.0,Remote,65181.97
38.0,Female,Bachelor's,Marketing,Marketing Manager,15.0,Metro City,90047.47
39.0,Male,Bachelor's,IT,Software Engineer,13.0,Tier-2 City,72588.4
38.0,Male,Bachelor's,Marketing,Marketing Manager,4.0,Remote,53983.59
35.0,Male,Master's,Finance,Financial Analyst,10.0,Tier-2 City,81375.48
23.0,Male,Bachelor's,IT,Software Engineer,0.0,Metro City,57564.01
36.0,Male,PhD,Marketing,SEO Specialist,8.0,Tier-2 City,78604.46
28.0,Female,High School,Sales,Sales Executive,7.0,Metro City,36542.3
33.0,Male,Bachelor's,Marketing,Marketing Executive,13.0,Metro City,71038.4
35.0,Female,Bachelor's,IT,IT Support,10.0,Metro City,83283.73
43.0,Male,Master's,Sales,Sales Executive,15.0,Tier-2 City,77864.81
40.0,Male,Bachelor's,Operations,Operations Analyst,8.0,Tier-2 City,48268.86
29.0,Male,Bachelor's,HR,HR Manager,2.0,Tier-2 City,52110.81
42.0,Female,Bachelor's,IT,DevOps Engineer,7.0,Remote,62349.76
30.0,Female,Master's,Operations,Operations Analyst,0.0,Tier-2 City,43162.77
25.0,Male,Master's,Sales,Sales Manager,0.0,Metro City,68715.83
21.0,Female,Master's,Operations,Operations Analyst,1.0,Tier-2 City,36867.86
36.0,Female,Master's,HR,HR Manager,13.0,Remote,85144.36
44.0,Female,Bachelor's,HR,HR Executive,16.0,Metro City,65053.09
24.0,Female,Master's,Marketing,SEO Specialist,4.0,Tier-2 City,59381.46
33.0,Male,Bachelor's,Finance,Accountant,0.0,Metro City,49552.97
37.0,Female,Master's,Operations,Operations Analyst,9.0,Tier-2 City,72781.74
21.0,Male,Bachelor's,Marketing,Marketing Manager,1.0,Tier-2 City,46837.63
32.0,Female,Bachelor's,Operations,Logistics Coordinator,2.0,Tier-2 City,34507.67
33.0,Female,Master's,HR,Recruiter,5.0,Metro City,62157.53
36.0,Male,Bachelor's,IT,Data Analyst,4.0,Metro City,64790.65
29.0,Male,Master's,Operations,Operations Manager,9.0,Metro City,83692.16
46.0,Male,Bachelor's,Operations,Logistics Coordinator,14.0,Tier-2 City,59006.24
31.0,Female,High School,Marketing,Marketing Manager,0.0,Remote,40117.2
34.0,Male,Bachelor's,Sales,Sales Manager,7.0,Tier-2 City,60925.33
35.0,Male,Master's,Sales,Sales Executive,2.0,Tier-2 City,54054.07
53.0,Female,High School,Operations,Logistics Coordinator,13.0,Metro City,46800.89
31.0,Male,Bachelor's,Marketing,Marketing Manager,11.0,Tier-2 City,71101.79
21.0,Male,Master's,HR,HR Manager,1.0,Remote,65563.3
39.0,Male,Bachelor's,Sales,Sales Manager,11.0,Tier-2 City,65547.13
34.0,Female,Bachelor's,Finance,Financial Analyst,9.0,Remote,59823.58
40.0,Female,High School,Sales,Account Manager,6.0,Metro City,50538.58
31.0,Female,Bachelor's,IT,IT Support,4.0,Metro City,63151.98
50.0,Female,Bachelor's,Finance,Financial Analyst,,Metro City,101967.28
32.0,Female,High School,Marketing,SEO Specialist,3.0,Metro City,32176.86
34.0,Female,Master's,HR,HR Manager,4.0,Metro City,76038.63
32.0,Male,Bachelor's,HR,HR Manager,10.0,Tier-2 City,56675.44
43.0,Male,Bachelor's,HR,HR Executive,9.0,Metro City,56166.12
47.0,Female,Master's,Sales,Account Manager,14.0,Remote,97002.21
30.0,Male,Bachelor's,Marketing,SEO Specialist,0.0,Tier-2 City,36374.07
47.0,Female,Bachelor's,Marketing,Marketing Executive,13.0,Metro City,73664.59
42.0,Female,Master's,HR,HR Executive,13.0,Metro City,82435.57
42.0,Female,Bachelor's,IT,Software Engineer,11.0,Metro City,88688.08
24.0,Male,PhD,IT,Software Engineer,0.0,Metro City,100139.57
21.0,Male,Bachelor's,IT,DevOps Engineer,1.0,Remote,53600.74
31.0,Female,Bachelor's,Marketing,SEO Specialist,11.0,Metro City,64676.69
41.0,Male,Bachelor's,Operations,Operations Manager,11.0,Metro City,81849.99
32.0,Male,High School,Finance,Accountant,8.0,Tier-2 City,31118.32
40.0,Male,Bachelor's,Finance,Finance Manager,8.0,Tier-2 City,66155.29
21.0,Male,Master's,Sales,Sales Executive,0.0,Metro City,57505.67
21.0,Female,High School,Marketing,Marketing Executive,1.0,Metro City,31636.22
38.0,Male,Bachelor's,IT,IT Support,6.0,Metro City,65490.74
37.0,Male,Master's,Marketing,Marketing Executive,9.0,Metro City,81622.53
40.0,Female,Master's,IT,Software Engineer,12.0,Remote,99369.08
46.0,Male,Master's,Sales,Sales Executive,9.0,Remote,69189.57
27.0,Male,Master's,HR,HR Manager,3.0,Metro City,69085.04
43.0,Male,PhD,Marketing,Marketing Manager,13.0,Metro City,133040.9
32.0,Female,Bachelor's,Marketing,SEO Specialist,11.0,Metro City,64066.2
21.0,Male,Bachelor's,Sales,Account Manager,1.0,Tier-2 City,47660.04
33.0,Male,Master's,Marketing,SEO Specialist,13.0,Metro City,88388.31
51.0,Male,Bachelor's,Finance,Financial Analyst,22.0,Metro City,97133.72
41.0,Male,Master's,Finance,Accountant,7.0,Tier-2 City,71240.52
37.0,Female,Master's,Operations,Operations Manager,10.0,Metro City,94469.59
51.0,Male,Bachelor's,HR,HR Executive,16.0,Metro City,69353.22
22.0,Female,Bachelor's,Sales,Account Manager,0.0,Tier-2 City,52617.49
29.0,Female,Bachelor's,Operations,Logistics Coordinator,8.0,Tier-2 City,42035.42
26.0,Male,Master's,Operations,Operations Manager,5.0,Tier-2 City,60515.02
39.0,Female,Bachelor's,Finance,Accountant,12.0,Tier-2 City,59820.06
21.0,Male,Bachelor's,Operations,Operations Manager,1.0,Tier-2 City,41498.19
22.0,Male,Master's,Marketing,Marketing Manager,0.0,Metro City,73028.57
40.0,Female,PhD,Marketing,Marketing Executive,20.0,Metro City,142320.44
34.0,Female,Bachelor's,Finance,Financial Analyst,7.0,Metro City,70865.91
40.0,Male,Master's,Marketing,Marketing Executive,15.0,Metro City,107570.17
29.0,Female,Master's,Sales,Sales Manager,4.0,Metro City,84630.41
51.0,Female,Bachelor's,HR,HR Executive,22.0,Remote,63800.25
40.0,Female,High School,HR,HR Executive,14.0,Tier-2 City,31633.82
48.0,Female,Bachelor's,IT,Software Engineer,23.0,Metro City,119431.68
49.0,Female,Bachelor's,Finance,Accountant,17.0,Tier-2 City,76809.09
39.0,Male,High School,HR,Recruiter,12.0,Remote,39614.04
26.0,Male,Bachelor's,Marketing,Marketing Executive,6.0,Metro City,58241.39
41.0,Female,Bachelor's,Finance,Finance Manager,8.0,Remote,70758.48
24.0,Female,Master's,HR,HR Executive,4.0,Remote,48738.77
29.0,Female,Master's,Marketing,Marketing Manager,7.0,Metro City,90400.07
27.0,Male,Master's,Sales,Sales Manager,0.0,Metro City,73570.63
37.0,Male,Bachelor's,Sales,Account Manager,6.0,Metro City,68666.26
34.0,Male,Master's,Operations,Operations Analyst,9.0,Metro City,75014.67
29.0,Male,Master's,Operations,Logistics Coordinator,3.0,Remote,53392.23
30.0,Female,Master's,Operations,Operations Manager,4.0,Metro City,76518.42
59.0,Male,Master's,IT,Software Engineer,21.0,Tier-2 City,116033.14
43.0,Male,Bachelor's,IT,Data Analyst,10.0,Tier-2 City,76313.95
42.0,Female,Master's,Marketing,Marketing Executive,13.0,Tier-2 City,70953.15
21.0,Female,Bachelor's,Operations,Logistics Coordinator,1.0,Tier-2 City,35693.43
32.0,Male,Master's,Marketing,Marketing Executive,8.0,Remote,59551.25
37.0,Female,Bachelor's,Operations,Logistics Coordinator,4.0,Remote,40381.05
43.0,Male,Master's,HR,HR Executive,13.0,Metro City,82180.87
36.0,Female,Bachelor's,Operations,Operations Analyst,12.0,Tier-2 City,51833.19
41.0,Female,Bachelor's,Operations,Operations Analyst,21.0,Tier-2 City,74410.13
29.0,Male,Bachelor's,Finance,Financial Analyst,5.0,Tier-2 City,47547.99
26.0,Male,PhD,HR,HR Manager,3.0,Tier-2 City,74431.45
41.0,Female,Master's,IT,Data Analyst,15.0,Remote,106368.13
47.0,Female,Bachelor's,Finance,Finance Manager,15.0,Remote,77401.77
39.0,Male,High School,IT,Software Engineer,19.0,Metro City,67450.18
37.0,Male,Bachelor's,IT,DevOps Engineer,7.0,Metro City,78422.03
31.0,Female,Bachelor's,HR,Recruiter,1.0,Metro City,39779.15
41.0,Female,Bachelor's,Sales,Sales Manager,10.0,Metro City,79240.29
35.0,Female,Bachelor's,HR,HR Executive,13.0,Metro City,67417.08
50.0,Female,Bachelor's,Marketing,SEO Specialist,19.0,Tier-2 City,65802.06
41.0,Male,Bachelor's,Sales,Sales Executive,10.0,Tier-2 City,49340.88
23.0,Male,Bachelor's,IT,IT Support,0.0,Remote,44430.18
34.0,Male,Bachelor's,Finance,Finance Manager,10.0,Metro City,84469.31
39.0,Male,Bachelor's,Sales,Sales Manager,18.0,Metro City,90297.05
29.0,Female,Master's,HR,HR Executive,3.0,Tier-2 City,41574.15
21.0,Female,Master's,IT,Data Analyst,0.0,Metro City,76103.74
30.0,Male,Master's,Operations,Operations Analyst,1.0,Tier-2 City,39927.89
37.0,Male,Bachelor's,Marketing,Marketing Executive,3.0,Metro City,60411.72
31.0,Male,High School,HR,HR Manager,5.0,Metro City,44446.35
44.0,Female,Bachelor's,HR,HR Executive,15.0,Tier-2 City,55968.39
28.0,Female,Bachelor's,HR,HR Manager,3.0,Tier-2 City,49302.13
33.0,Male,High School,Marketing,Marketing Executive,8.0,Remote,30591.84
34.0,Male,High School,Finance,Financial Analyst,9.0,Tier-2 City,32093.11
32.0,Female,Bachelor's,Marketing,SEO Specialist,0.0,Remote,43680.29
21.0,Male,Master's,IT,Data Analyst,0.0,Metro City,73786.03
27.0,Male,Master's,Marketing,SEO Specialist,1.0,Remote,48005.3
27.0,Male,PhD,Operations,Operations Analyst,0.0,Remote,60088.75
52.0,Male,Bachelor's,Sales,Sales Manager,13.0,Metro City,83081.52
28.0,Male,Master's,Finance,Finance Manager,1.0,Metro City,81951.13
21.0,Male,Master's,IT,IT Support,1.0,Metro City,81590.36
32.0,Male,Master's,Operations,Operations Analyst,3.0,Metro City,57592.48
31.0,Male,Master's,Finance,Financial Analyst,5.0,Tier-2 City,62597.34
32.0,Female,Bachelor's,Marketing,Marketing Manager,4.0,Remote,63491.43
47.0,Male,Master's,Marketing,SEO Specialist,22.0,Tier-2 City,98578.3
32.0,Female,Bachelor's,Sales,Sales Executive,7.0,Metro City,60487.82
33.0,Male,Master's,Marketing,Marketing Manager,13.0,Tier-2 City,79024.84
32.0,Male,High School,IT,DevOps Engineer,6.0,Remote,46081.22
28.0,Male,Master's,HR,HR Executive,8.0,Remote,57349.79
35.0,Female,Master's,IT,IT Support,6.0,Remote,83347.26
24.0,Male,Bachelor's,Finance,Accountant,0.0,Metro City,54014.61
48.0,Female,High School,Sales,Sales Manager,13.0,Metro City,54860.66
38.0,Male,High School,Sales,Sales Executive,8.0,Metro City,37924.55
21.0,Male,Bachelor's,Operations,Operations Analyst,1.0,Tier-2 City,34662.68
34.0,Female,Bachelor's,HR,Recruiter,7.0,Tier-2 City,44900.51
39.0,Male,Bachelor's,Finance,Financial Analyst,9.0,Remote,58723.39
40.0,Male,Master's,Finance,Financial Analyst,3.0,Metro City,72864.92
41.0,Male,Bachelor's,Marketing,Marketing Executive,8.0,Metro City,66255.96
21.0,Male,Bachelor's,Finance,Financial Analyst,1.0,Metro City,53806.37
27.0,Male,Master's,Marketing,Marketing Manager,0.0,Metro City,76662.29
27.0,Male,Master's,Finance,Finance Manager,5.0,Metro City,89660.44
30.0,Male,Master's,IT,DevOps Engineer,0.0,Tier-2 City,59885.77
45.0,Male,Master's,Marketing,Marketing Manager,19.0,Metro City,119754.15
37.0,Male,Bachelor's,HR,HR Executive,0.0,Tier-2 City,33066.1
48.0,Male,Master's,Operations,Logistics Coordinator,15.0,Remote,86383.06
43.0,Female,Master's,Sales,Account Manager,14.0,Remote,94272.07
28.0,Male,Master's,Sales,Account Manager,2.0,Tier-2 City,65331.53
49.0,Female,Bachelor's,Operations,Operations Analyst,19.0,Metro City,81586.6
34.0,Male,Master's,Operations,Operations Analyst,2.0,Tier-2 City,51480.33
27.0,Male,PhD,IT,DevOps Engineer,7.0,Metro City,131758.27
39.0,Female,Bachelor's,Finance,Accountant,13.0,Metro City,83754.48
36.0,Male,Master's,Finance,Financial Analyst,9.0,Metro City,94158.8
21.0,Female,High School,Operations,Operations Manager,1.0,Tier-2 City,36094.26
37.0,Female,PhD,IT,DevOps Engineer,1.0,Tier-2 City,84596.67
36.0,Male,High School,Finance,Financial Analyst,5.0,Tier-2 City,31082.23
32.0,Female,Bachelor's,Marketing,SEO Specialist,6.0,Tier-2 City,44775.87
31.0,Male,Master's,Marketing,SEO Specialist,6.0,Metro City,77787.71
42.0,Male,High School,HR,HR Executive,14.0,Tier-2 City,40302.66
37.0,Male,Master's,Finance,Finance Manager,7.0,Metro City,89622.46
27.0,Male,Master's,HR,HR Executive,3.0,Metro City,51094.31
32.0,Male,Master's,IT,IT Support,12.0,Tier-2 City,96652.02
27.0,Female,Bachelor's,Finance,Finance Manager,5.0,Tier-2 City,64082.61
47.0,Male,High School,Marketing,Marketing Executive,13.0,Remote,35915.86
32.0,Female,High School,Sales,Account Manager,5.0,Tier-2 City,38313.44
35.0,Male,High School,Operations,Logistics Coordinator,12.0,Tier-2 City,42484.41
52.0,Male,Bachelor's,Sales,Sales Executive,17.0,Remote,64312.27
36.0,Female,High School,Finance,Finance Manager,12.0,Remote,57212.65
50.0,Female,PhD,Marketing,Marketing Manager,17.0,Metro City,150036.21
38.0,Female,Master's,IT,IT Support,5.0,Tier-2 City,70821.13
41.0,Male,Master's,Marketing,SEO Specialist,4.0,Metro City,68352.07
34.0,Male,PhD,IT,IT Support,7.0,Metro City,132336.39
48.0,Male,Bachelor's,IT,Data Analyst,21.0,Tier-2 City,91886.29
31.0,Male,Bachelor's,HR,HR Executive,2.0,Metro City,44251.66
24.0,Female,Bachelor's,Sales,Sales Executive,0.0,Metro City,40907.41
32.0,Male,Bachelor's,HR,Recruiter,7.0,Tier-2 City,36540.77
32.0,Female,Bachelor's,HR,Recruiter,5.0,Metro City,50947.23
56.0,Male,Bachelor's,Operations,Logistics Coordinator,14.0,Tier-2 City,58791.75
32.0,Male,Bachelor's,Marketing,Marketing Executive,9.0,Metro City,69914.6
21.0,Female,Bachelor's,Operations,Logistics Coordinator,1.0,Metro City,41218.91
38.0,Male,Master's,Marketing,Marketing Manager,4.0,Metro City,82704.03
22.0,Female,PhD,HR,Recruiter,0.0,Tier-2 City,54448.87
45.0,Female,Master's,Operations,Operations Manager,11.0,Tier-2 City,74224.41
50.0,Female,Bachelor's,IT,Software Engineer,11.0,Metro City,91112.39
38.0,Female,Bachelor's,HR,HR Manager,11.0,Tier-2 City,66365.05
22.0,Male,High School,HR,HR Manager,0.0,Metro City,40647.42
31.0,Male,Bachelor's,HR,HR Executive,8.0,Metro City,57844.41
59.0,Female,Bachelor's,Operations,Operations Manager,19.0,Metro City,91565.5
53.0,Male,PhD,Operations,Operations Analyst,20.0,Metro City,134692.6
34.0,Male,Bachelor's,HR,HR Manager,4.0,Tier-2 City,46803.96
43.0,Male,High School,IT,DevOps Engineer,4.0,Tier-2 City,37252.37
21.0,Male,High School,Sales,Account Manager,0.0,Remote,34346.74
39.0,Male,Bachelor's,Marketing,Marketing Executive,10.0,Metro City,63122.53
39.0,Female,High School,Marketing,Marketing Manager,14.0,Tier-2 City,49750.91
43.0,Male,Master's,Operations,Operations Manager,14.0,Tier-2 City,93024.57
33.0,Female,Master's,Finance,Finance Manager,4.0,Metro City,91715.04
28.0,Male,PhD,HR,HR Manager,4.0,Tier-2 City,81949.67
30.0,Female,Bachelor's,HR,HR Executive,6.0,Metro City,48699.54
47.0,Male,Bachelor's,Operations,Operations Analyst,10.0,Tier-2 City,47569.01
37.0,Male,Bachelor's,HR,Recruiter,3.0,Metro City,47797.94
45.0,Female,Bachelor's,IT,Software Engineer,11.0,Tier-2 City,74524.31
42.0,Female,Bachelor's,Marketing,Marketing Executive,10.0,Tier-2 City,53508.27
30.0,Male,PhD,Marketing,Marketing Manager,1.0,Metro City,89723.98
32.0,Male,Bachelor's,Marketing,SEO Specialist,3.0,Remote,49865.24
37.0,Female,Bachelor's,HR,Recruiter,13.0,Metro City,64610.25
36.0,Female,Bachelor's,Sales,Sales Manager,5.0,Metro City,64541.01
49.0,Male,Master's,HR,Recruiter,22.0,Tier-2 City,87366.96
43.0,Female,High School,Finance,Finance Manager,17.0,Remote,55333.14
24.0,Male,Bachelor's,IT,DevOps Engineer,0.0,Tier-2 City,50525.69
40.0,Female,Master's,HR,Recruiter,9.0,Metro City,72394.76
32.0,Male,High School,Marketing,Marketing Executive,8.0,Tier-2 City,36097.46
27.0,Female,Bachelor's,Marketing,SEO Specialist,0.0,Metro City,44596.75
42.0,Male,Bachelor's,Finance,Finance Manager,10.0,Metro City,90044.17
43.0,Female,Bachelor's,Sales,Account Manager,4.0,Tier-2 City,56614.27
27.0,Male,Bachelor's,Operations,Operations Analyst,6.0,Metro City,54212.91
37.0,Female,Bachelor's,HR,HR Executive,8.0,Metro City,56652.32
26.0,Male,Bachelor's,Finance,Finance Manager,3.0,Remote,62713.81
31.0,Female,Master's,Operations,Operations Analyst,7.0,Metro City,68260.21
36.0,Male,Bachelor's,Operations,Operations Manager,7.0,Metro City,64957.17
34.0,Female,Bachelor's,IT,Software Engineer,11.0,Tier-2 City,68109.86
42.0,Male,Master's,Operations,Operations Analyst,16.0,Metro City,93461.96
51.0,Female,Bachelor's,Marketing,Marketing Executive,18.0,Metro City,83918.02
35.0,Female,Bachelor's,Marketing,SEO Specialist,15.0,Tier-2 City,66738.68
44.0,Male,Master's,Sales,Sales Manager,10.0,Remote,84864.13
44.0,Male,Bachelor's,Marketing,Marketing Executive,19.0,Metro City,86216.73
38.0,Female,PhD,Marketing,Marketing Manager,10.0,Metro City,118152.85
30.0,Male,Bachelor's,Operations,Logistics Coordinator,5.0,Metro City,52158.14
29.0,Female,Bachelor's,HR,HR Executive,9.0,Remote,46010.74
26.0,Male,Bachelor's,Sales,Sales Executive,6.0,Tier-2 City,41961.33
44.0,Female,Bachelor's,Sales,Sales Executive,10.0,Metro City,74618.5
41.0,Male,Master's,Marketing,Marketing Manager,21.0,Tier-2 City,107656.63
40.0,Male,Master's,HR,Recruiter,6.0,Tier-2 City,51820.24
26.0,Female,PhD,Operations,Operations Manager,6.0,Metro City,104122.45
30.0,Male,Bachelor's,Sales,Account Manager,5.0,Tier-2 City,63147.27
35.0,Male,Master's,Sales,Sales Manager,6.0,Tier-2 City,74433.78
28.0,Female,Bachelor's,Sales,Sales Manager,2.0,Remote,55215.93
37.0,Male,High School,Finance,Finance Manager,8.0,Metro City,52926.74
27.0,Male,High School,Finance,Finance Manager,4.0,Metro City,45334.72
38.0,Female,Master's,Sales,Sales Manager,9.0,Remote,85140.17
26.0,Female,Bachelor's,Operations,Logistics Coordinator,6.0,Tier-2 City,44457.87
36.0,Male,PhD,HR,HR Executive,14.0,Remote,92673.2
32.0,Male,Bachelor's,Finance,Finance Manager,5.0,Remote,65238.58
54.0,Female,Bachelor's,IT,Software Engineer,13.0,Remote,77564.08
50.0,Female,High School,Operations,Operations Analyst,21.0,Metro City,52148.13
43.0,Female,High School,Marketing,Marketing Executive,16.0,Tier-2 City,42681.88
46.0,Female,Bachelor's,HR,Recruiter,20.0,Tier-2 City,62252.09
48.0,Female,Master's,Sales,Account Manager,5.0,Metro City,79827.12
25.0,Female,Bachelor's,Finance,Financial Analyst,3.0,Metro City,52423.45
32.0,Male,Bachelor's,Finance,Financial Analyst,5.0,Tier-2 City,53030.3
43.0,Male,Bachelor's,Sales,Account Manager,3.0,Metro City,62259.62
31.0,Male,Bachelor's,HR,HR Manager,0.0,Tier-2 City,42993.58
32.0,Male,Bachelor's,Marketing,Marketing Executive,7.0,Metro City,55572.68
,Male,PhD,Marketing,Marketing Manager,2.0,Remote,84440.04
27.0,Male,Master's,Sales,Sales Manager,7.0,Metro City,94499.76
32.0,Male,Master's,Finance,Accountant,8.0,Tier-2 City,77350.54
50.0,Male,Bachelor's,HR,HR Manager,10.0,Remote,63900.09
21.0,Female,Bachelor's,Marketing,SEO Specialist,0.0,Metro City,45650.67
42.0,Female,Master's,Sales,Account Manager,8.0,Remote,72521.99
39.0,Male,Bachelor's,Marketing,Marketing Manager,15.0,Metro City,88945.75
,Female,Bachelor's,Finance,Finance Manager,1.0,Tier-2 City,59395.72
22.0,Male,Master's,Marketing,SEO Specialist,,Metro City,52772.84
41.0,Female,Master's,Operations,Operations Manager,20.0,Tier-2 City,98437.34
21.0,Male,High School,Marketing,SEO Specialist,1.0,Metro City,32041.46
29.0,Female,PhD,Finance,Accountant,9.0,Tier-2 City,94256.1
46.0,Male,Master's,Operations,Operations Manager,8.0,Metro City,89102.04
46.0,Male,Bachelor's,HR,HR Executive,12.0,Metro City,66347.16
39.0,Male,Bachelor's,Sales,Sales Executive,12.0,Tier-2 City,63494.34
40.0,Male,Bachelor's,HR,HR Manager,10.0,Remote,61576.74
28.0,Female,Master's,Finance,Accountant,8.0,Tier-2 City,68771.21
,Male,Bachelor's,Marketing,Marketing Manager,17.0,Metro City,97686.01
38.0,Female,PhD,IT,Data Analyst,10.0,Tier-2 City,117038.36
25.0,Female,Master's,HR,HR Executive,5.0,Tier-2 City,46617.77
29.0,Female,Bachelor's,Marketing,Marketing Manager,8.0,Remote,67497.12
40.0,Male,High School,IT,Software Engineer,10.0,Tier-2 City,48165.72
36.0,Male,Master's,Operations,Operations Manager,9.0,Metro City,86557.84
36.0,Male,Master's,IT,Data Analyst,4.0,Tier-2 City,71078.23
48.0,Female,Bachelor's,Finance,Accountant,14.0,Metro City,88901.36
35.0,Male,Bachelor's,Sales,Account Manager,12.0,Metro City,79005.97
34.0,Female,Bachelor's,Operations,Operations Manager,5.0,Metro City,63039.13
27.0,Male,Master's,IT,DevOps Engineer,4.0,Remote,78481.33
24.0,Male,Bachelor's,IT,DevOps Engineer,4.0,Remote,57386.95
28.0,Female,Master's,Marketing,SEO Specialist,0.0,Remote,51553.77
41.0,Male,High School,Finance,Accountant,21.0,Metro City,59485.55
36.0,Female,PhD,Operations,Operations Analyst,4.0,Metro City,83784.77
37.0,Female,Master's,Marketing,Marketing Manager,12.0,Metro City,106847.94
45.0,Male,Bachelor's,HR,HR Manager,13.0,Remote,73086.89
34.0,Male,Bachelor's,Marketing,SEO Specialist,8.0,Remote,55004.55
,Male,High School,IT,DevOps Engineer,3.0,Tier-2 City,33197.19
50.0,Female,High School,Sales,Sales Manager,11.0,Metro City,54677.37
21.0,Female,High School,IT,DevOps Engineer,1.0,Remote,29015.68
28.0,Male,Bachelor's,Sales,Sales Manager,0.0,Remote,54528.76
42.0,Female,Bachelor's,Marketing,Marketing Executive,10.0,Metro City,72735.54
45.0,Male,Master's,Marketing,Marketing Manager,10.0,Tier-2 City,83000.55
21.0,Male,Bachelor's,HR,HR Manager,0.0,Remote,44909.41
37.0,Female,Bachelor's,IT,IT Support,4.0,Metro City,68824.29
35.0,Female,Master's,HR,Recruiter,7.0,Tier-2 City,54291.15
37.0,Female,Master's,HR,HR Manager,11.0,Metro City,86869.67
34.0,Male,Bachelor's,Operations,Operations Analyst,6.0,Metro City,54903.29
30.0,Male,Bachelor's,Marketing,Marketing Executive,9.0,Tier-2 City,48242.78
38.0,Male,Master's,Sales,Sales Manager,14.0,Metro City,103652.46
34.0,Male,Bachelor's,HR,HR Executive,5.0,Metro City,46134.97
43.0,Male,High School,Marketing,Marketing Manager,12.0,Tier-2 City,46912.2
39.0,Male,Master's,Operations,Operations Analyst,3.0,Tier-2 City,54586.99
35.0,Female,Bachelor's,Marketing,Marketing Executive,12.0,Tier-2 City,58162.51
26.0,Male,PhD,HR,HR Manager,0.0,Tier-2 City,67129.22
21.0,Male,Bachelor's,Operations,Logistics Coordinator,0.0,Metro City,39266.83
45.0,Female,PhD,Operations,Logistics Coordinator,11.0,Tier-2 City,86278.24
31.0,Female,Master's,Operations,Logistics Coordinator,7.0,Metro City,70005.45
34.0,Male,Bachelor's,Sales,Sales Executive,7.0,Tier-2 City,48220.83
21.0,Female,Bachelor's,Marketing,Marketing Executive,0.0,Metro City,47222.36
32.0,Male,Bachelor's,Operations,Logistics Coordinator,5.0,Tier-2 City,45324.29
38.0,Male,Bachelor's,Finance,Accountant,10.0,Metro City,75277.38
39.0,Female,High School,HR,Recruiter,4.0,Tier-2 City,33945.29
36.0,Female,Bachelor's,Finance,Financial Analyst,6.0,Metro City,61670.17
33.0,Male,Bachelor's,Finance,Accountant,5.0,Metro City,59636.72
26.0,Female,Bachelor's,Sales,Sales Executive,6.0,Metro City,49858.41
45.0,Female,High School,Sales,Sales Manager,17.0,Tier-2 City,59672.92
26.0,Female,Bachelor's,Operations,Operations Manager,4.0,Metro City,60424.9
34.0,Male,Bachelor's,Sales,Sales Manager,4.0,Metro City,61991.37
28.0,Male,Master's,Operations,Logistics Coordinator,2.0,Metro City,54483.76
21.0,Female,Bachelor's,Finance,Financial Analyst,0.0,Tier-2 City,40305.9
35.0,Male,Master's,IT,Data Analyst,6.0,Metro City,95783.62
21.0,Female,Master's,HR,Recruiter,0.0,Remote,46831.1
57.0,Male,Bachelor's,HR,Recruiter,27.0,Metro City,83810.05
51.0,Male,Bachelor's,Finance,Accountant,17.0,Metro City,90139.36
30.0,Male,PhD,Sales,Sales Manager,6.0,Metro City,101775.91
21.0,Male,Bachelor's,HR,HR Manager,1.0,Tier-2 City,47370.05
41.0,Male,Master's,Finance,Financial Analyst,12.0,Tier-2 City,86234.18
30.0,Female,High School,Operations,Logistics Coordinator,5.0,Metro City,29771.33
36.0,Female,Master's,HR,HR Executive,0.0,Tier-2 City,50347.24
36.0,Female,High School,Sales,Sales Executive,9.0,Metro City,38398.85
31.0,Male,Bachelor's,Sales,Account Manager,6.0,Tier-2 City,59698.55
32.0,Male,Master's,Marketing,SEO Specialist,1.0,Metro City,66330.2
43.0,Female,PhD,IT,IT Support,14.0,Metro City,164439.25
33.0,Male,Bachelor's,Sales,Sales Manager,10.0,Tier-2 City,61610.79
34.0,Male,Bachelor's,Finance,Accountant,8.0,Remote,60361.17
40.0,Female,Master's,Sales,Sales Executive,9.0,Tier-2 City,62266.7
44.0,Male,Bachelor's,Marketing,SEO Specialist,10.0,Remote,59461.2
33.0,Male,High School,Operations,Logistics Coordinator,11.0,Remote,33143.19
21.0,Female,Master's,Operations,Operations Analyst,,Metro City,49874.64
32.0,Female,Bachelor's,Operations,Logistics Coordinator,6.0,Tier-2 City,52550.54
42.0,Female,Master's,Marketing,Marketing Manager,14.0,Metro City,111555.39
33.0,Male,Bachelor's,Operations,Logistics Coordinator,9.0,Remote,46286.34
23.0,Female,Bachelor's,Marketing,Marketing Executive,3.0,Remote,50164.02
24.0,Female,Bachelor's,IT,Software Engineer,4.0,Tier-2 City,54987.04
27.0,Male,Bachelor's,Marketing,Marketing Manager,0.0,Metro City,61347.01
44.0,Female,Bachelor's,Finance,Financial Analyst,15.0,Metro City,83278.26
34.0,Female,Bachelor's,Operations,Operations Analyst,10.0,Remote,54398.43
30.0,Female,Bachelor's,HR,HR Executive,4.0,Metro City,47851.6
43.0,Male,Master's,Marketing,SEO Specialist,16.0,Metro City,103525.58
33.0,Male,Master's,IT,Software Engineer,12.0,Remote,100215.78
23.0,Male,Bachelor's,Marketing,Marketing Executive,0.0,Tier-2 City,39096.24
42.0,Male,Bachelor's,Marketing,SEO Specialist,4.0,Metro City,52172.54
39.0,Male,Bachelor's,Operations,Operations Manager,15.0,Tier-2 City,65210.76
44.0,Male,High School,Marketing,Marketing Executive,19.0,Remote,51764.69
37.0,Female,Bachelor's,HR,HR Executive,13.0,Remote,58417.06
25.0,Female,High School,HR,Recruiter,5.0,Remote,32234.84
22.0,Male,Bachelor's,Sales,Sales Manager,2.0,Remote,49342.97
30.0,Female,Bachelor's,Marketing,Marketing Executive,10.0,Metro City,61514.82
25.0,Female,Master's,IT,DevOps Engineer,1.0,Remote,59649.78
33.0,Male,Bachelor's,Sales,Account Manager,7.0,Metro City,69539.91
28.0,Female,Bachelor's,Marketing,Marketing Manager,4.0,Remote,57567.61
30.0,Female,Bachelor's,Sales,Sales Executive,4.0,Remote,41777.25
33.0,Male,PhD,Marketing,SEO Specialist,2.0,Remote,77692.4
29.0,Male,High School,Finance,Finance Manager,8.0,Remote,53491.78
34.0,Male,Master's,IT,Data Analyst,4.0,Tier-2 City,74515.56
33.0,Male,PhD,Sales,Sales Executive,4.0,Remote,78431.74
32.0,Female,Master's,Sales,Sales Manager,12.0,Metro City,94130.45
32.0,Female,Bachelor's,Operations,Operations Manager,6.0,Metro City,66952.12
24.0,Female,PhD,HR,HR Executive,4.0,Metro City,74132.82
36.0,Male,Bachelor's,Sales,Sales Manager,10.0,Tier-2 City,62197.55
38.0,Female,Bachelor's,Finance,Financial Analyst,9.0,Metro City,71694.98
36.0,Female,Master's,Finance,Financial Analyst,5.0,Tier-2 City,65602.91
32.0,Male,PhD,IT,Software Engineer,6.0,Tier-2 City,106765.73
50.0,Female,Bachelor's,Sales,Sales Executive,14.0,Tier-2 City,61486.72
33.0,Male,PhD,Operations,Logistics Coordinator,13.0,Metro City,112348.58
27.0,Female,Bachelor's,Marketing,SEO Specialist,2.0,Metro City,48855.32
24.0,Female,Master's,Sales,Account Manager,4.0,Tier-2 City,56422.23
40.0,Male,PhD,Finance,Financial Analyst,4.0,Remote,84345.22
21.0,Female,High School,IT,Data Analyst,0.0,Metro City,36230.0
22.0,Male,PhD,Sales,Sales Manager,0.0,Remote,71625.13
36.0,Male,PhD,HR,HR Manager,5.0,Metro City,92954.2
37.0,Female,Master's,IT,Software Engineer,9.0,Tier-2 City,83074.97
21.0,Female,Master's,Operations,Logistics Coordinator,1.0,Tier-2 City,44499.69
43.0,Female,High School,Finance,Finance Manager,12.0,Remote,53511.77
40.0,Female,Master's,HR,Recruiter,11.0,Metro City,77867.37
56.0,Female,High School,Finance,Finance Manager,24.0,Tier-2 City,71281.83
25.0,Male,High School,Finance,Financial Analyst,0.0,Remote,31590.88
42.0,Female,High School,IT,DevOps Engineer,14.0,Metro City,64751.8
30.0,Male,Master's,IT,IT Support,7.0,Tier-2 City,75516.28
39.0,Male,High School,Operations,Logistics Coordinator,16.0,Tier-2 City,40722.63
38.0,Male,Master's,Marketing,Marketing Executive,7.0,Metro City,81897.24
33.0,Male,High School,Sales,Sales Executive,7.0,Remote,33579.39
40.0,Male,Bachelor's,Sales,Sales Executive,15.0,Metro City,71474.25
30.0,Male,Bachelor's,Sales,Sales Manager,5.0,Tier-2 City,56891.03
44.0,Male,Bachelor's,Sales,Sales Manager,4.0,Tier-2 City,55175.79
47.0,Male,Master's,Operations,Operations Manager,16.0,Metro City,114408.73
46.0,Female,Master's,IT,DevOps Engineer,16.0,Remote,120165.44
31.0,Female,Bachelor's,Operations,Logistics Coordinator,6.0,Metro City,55908.71
38.0,Male,High School,HR,HR Executive,14.0,Metro City,38138.59
21.0,Female,High School,Marketing,Marketing Executive,0.0,Metro City,22962.76
34.0,Female,PhD,Marketing,Marketing Manager,8.0,Remote,103429.85
26.0,Female,Bachelor's,HR,Recruiter,5.0,Metro City,48840.78
21.0,Male,High School,HR,HR Executive,1.0,Metro City,23175.55
34.0,Male,High School,Operations,Operations Manager,11.0,Tier-2 City,44743.34
33.0,Male,Master's,Operations,Logistics Coordinator,8.0,Metro City,77363.36
50.0,Male,Master's,HR,HR Manager,20.0,Metro City,117033.68
46.0,Female,High School,Finance,Accountant,14.0,Metro City,57907.95
37.0,Male,Bachelor's,Operations,Operations Manager,10.0,Tier-2 City,62585.94
40.0,Male,High School,Operations,Operations Analyst,8.0,Metro City,39754.43
25.0,Male,Bachelor's,Operations,Operations Analyst,0.0,Metro City,48508.89
42.0,Male,Bachelor's,Sales,Sales Manager,,Tier-2 City,57377.34
23.0,Male,Bachelor's,Marketing,Marketing Executive,2.0,Tier-2 City,39324.95
27.0,Male,High School,HR,HR Manager,0.0,Metro City,37695.51
34.0,Female,High School,Operations,Operations Manager,7.0,Metro City,48754.91
39.0,Male,Master's,Finance,Financial Analyst,3.0,Remote,64358.95
21.0,Female,Master's,Operations,Operations Analyst,0.0,Tier-2 City,42003.48
30.0,Male,Bachelor's,Operations,Logistics Coordinator,0.0,Metro City,36428.68
26.0,Female,Master's,IT,IT Support,4.0,Tier-2 City,71401.46
33.0,Male,PhD,HR,Recruiter,5.0,Remote,65690.24
49.0,Female,Master's,Marketing,Marketing Manager,17.0,Metro City,119523.02
27.0,Female,Bachelor's,Finance,Finance Manager,0.0,Metro City,60864.75
37.0,Female,Master's,HR,HR Manager,11.0,Tier-2 City,74564.13
22.0,Female,High School,Finance,Financial Analyst,0.0,Remote,30533.04
45.0,Male,Master's,Finance,Finance Manager,18.0,Tier-2 City,113344.86
49.0,Female,Bachelor's,IT,IT Support,16.0,Metro City,106785.81
24.0,Male,Bachelor's,Sales,Sales Manager,1.0,Metro City,53705.59
44.0,Female,Master's,HR,Recruiter,12.0,Tier-2 City,65921.66
25.0,Male,Bachelor's,Finance,Finance Manager,0.0,Metro City,68900.59
37.0,Male,Bachelor's,Marketing,Marketing Manager,9.0,Tier-2 City,66308.37
35.0,Male,Bachelor's,IT,IT Support,6.0,Metro City,71366.41
21.0,Male,High School,Marketing,Marketing Manager,1.0,Metro City,48819.84
32.0,Female,PhD,Finance,Finance Manager,2.0,Tier-2 City,89699.69
39.0,Male,High School,HR,Recruiter,16.0,Tier-2 City,39377.42
35.0,Female,PhD,IT,Software Engineer,6.0,Remote,101774.27
29.0,Female,PhD,Sales,Account Manager,9.0,Tier-2 City,97194.36
28.0,Female,Master's,Operations,Logistics Coordinator,4.0,Tier-2 City,53841.15
49.0,Female,High School,Operations,Logistics Coordinator,20.0,Remote,50023.41
41.0,Male,Master's,Finance,Finance Manager,9.0,Tier-2 City,86531.82
24.0,Female,Master's,Marketing,Marketing Executive,4.0,Tier-2 City,55716.91
38.0,Female,Master's,Operations,Operations Manager,15.0,Tier-2 City,89389.93
31.0,Male,Bachelor's,IT,IT Support,0.0,Tier-2 City,43475.39
37.0,Male,High School,Operations,Operations Manager,9.0,Metro City,48400.79
48.0,Female,Bachelor's,Sales,Sales Executive,17.0,Tier-2 City,61979.67
38.0,Female,High School,HR,HR Executive,15.0,Tier-2 City,39197.03
55.0,Female,Bachelor's,Sales,Sales Manager,19.0,Remote,81277.45
21.0,Female,Bachelor's,IT,Software Engineer,0.0,Metro City,56747.12
31.0,Male,Master's,HR,HR Executive,2.0,Tier-2 City,46288.25
44.0,Female,PhD,Operations,Logistics Coordinator,15.0,Remote,96760.1
35.0,Male,High School,HR,Recruiter,6.0,Remote,38140.84
32.0,Male,Master's,IT,Software Engineer,4.0,Tier-2 City,69728.19
21.0,Male,PhD,IT,IT Support,0.0,Metro City,92682.59
29.0,Male,Bachelor's,HR,HR Executive,7.0,Metro City,54222.25
41.0,Female,Master's,IT,DevOps Engineer,10.0,Metro City,111257.71
47.0,Male,Bachelor's,Sales,Account Manager,17.0,Tier-2 City,78550.23
34.0,Female,PhD,Operations,Operations Analyst,11.0,Remote,91653.9
31.0,Male,Bachelor's,IT,IT Support,4.0,Remote,55982.47
34.0,Female,Master's,Marketing,Marketing Manager,7.0,Tier-2 City,77497.64
36.0,Male,High School,Finance,Finance Manager,5.0,Metro City,61547.86
40.0,Male,Master's,Operations,Operations Analyst,7.0,Metro City,77414.58
37.0,Female,Bachelor's,Operations,Operations Analyst,13.0,Metro City,66413.66
35.0,Female,Bachelor's,IT,Data Analyst,9.0,Metro City,87704.19
36.0,Female,High School,Marketing,SEO Specialist,9.0,Remote,37270.74
29.0,Male,Bachelor's,HR,Recruiter,4.0,Tier-2 City,43585.89
21.0,Female,High School,Finance,Financial Analyst,0.0,Remote,33949.79
21.0,Female,Bachelor's,Sales,Account Manager,0.0,Remote,55967.74
36.0,Male,High School,IT,Software Engineer,9.0,Metro City,54060.6
53.0,Female,Bachelor's,Operations,Operations Analyst,12.0,Tier-2 City,54234.81
41.0,Female,Bachelor's,Operations,Logistics Coordinator,14.0,Metro City,67655.1
49.0,Female,Bachelor's,Marketing,Marketing Executive,,Metro City,76237.41
25.0,Female,Master's,HR,Recruiter,5.0,Metro City,59321.55
40.0,Female,Bachelor's,IT,DevOps Engineer,,Metro City,78012.92
40.0,Male,High School,Marketing,SEO Specialist,20.0,Tier-2 City,49867.51
30.0,Male,Master's,Finance,Accountant,3.0,Metro City,72769.93
28.0,Female,Master's,HR,Recruiter,7.0,Tier-2 City,56414.72
56.0,Female,High School,HR,Recruiter,22.0,Metro City,51896.55
60.0,Male,Bachelor's,Marketing,SEO Specialist,28.0,Metro City,108124.05
40.0,Male,Bachelor's,Sales,Account Manager,10.0,Metro City,70373.28
21.0,Male,High School,Finance,Finance Manager,1.0,Metro City,49823.36
33.0,Female,Bachelor's,Finance,Financial Analyst,9.0,Metro City,71332.05
42.0,Female,Bachelor's,HR,HR Manager,14.0,Metro City,86413.87
27.0,Female,Master's,Marketing,Marketing Executive,7.0,Remote,67073.27
33.0,Male,PhD,Finance,Financial Analyst,12.0,Tier-2 City,107874.69
36.0,Male,PhD,HR,HR Executive,6.0,Tier-2 City,69702.31
35.0,Female,Bachelor's,Finance,Financial Analyst,4.0,Metro City,57340.35
34.0,Female,Master's,Finance,Financial Analyst,14.0,Remote,95356.78
28.0,Female,Master's,Operations,Logistics Coordinator,3.0,Metro City,60046.79
50.0,Female,High School,IT,IT Support,15.0,Metro City,56326.9
40.0,Female,Master's,IT,Data Analyst,12.0,Metro City,114536.27
31.0,Male,Master's,Marketing,SEO Specialist,2.0,Metro City,62022.7
36.0,Female,Bachelor's,Marketing,SEO Specialist,5.0,Tier-2 City,47757.54
46.0,Male,High School,IT,Data Analyst,14.0,Metro City,60445.73
38.0,Male,Bachelor's,HR,HR Manager,12.0,Remote,67080.57
29.0,Male,Bachelor's,Sales,Sales Executive,1.0,Metro City,52120.84
39.0,Male,Bachelor's,Operations,Logistics Coordinator,9.0,Tier-2 City,51406.44
21.0,Female,Master's,Operations,Logistics Coordinator,0.0,Remote,50935.71
35.0,Male,Master's,IT,IT Support,0.0,Tier-2 City,57011.3
42.0,Female,Master's,Marketing,Marketing Executive,4.0,Metro City,73015.22
39.0,Male,High School,Marketing,Marketing Manager,10.0,Metro City,55268.6
21.0,Male,Bachelor's,HR,HR Manager,1.0,Metro City,53245.47
,Male,Bachelor's,HR,HR Executive,1.0,Remote,34959.89
21.0,Female,Master's,HR,Recruiter,0.0,Tier-2 City,39474.42
28.0,Male,Master's,IT,Data Analyst,8.0,Remote,87144.67
40.0,Male,Master's,Operations,Logistics Coordinator,12.0,Remote,78890.04
33.0,Female,Master's,HR,HR Executive,7.0,Tier-2 City,50191.07
27.0,Female,Master's,Sales,Account Manager,4.0,Metro City,86114.28
29.0,Female,Bachelor's,Operations,Operations Manager,4.0,Metro City,64807.11
56.0,Male,High School,Operations,Operations Analyst,22.0,Tier-2 City,44963.7
37.0,Male,Bachelor's,Finance,Accountant,8.0,Tier-2 City,60294.63
44.0,Female,Bachelor's,Sales,Account Manager,15.0,Metro City,86315.94
40.0,Female,Bachelor's,Finance,Accountant,12.0,Tier-2 City,63050.09
29.0,Male,Bachelor's,Operations,Operations Analyst,7.0,Tier-2 City,46591.23
51.0,Male,Bachelor's,IT,IT Support,17.0,Remote,92628.23
31.0,Female,Bachelor's,Finance,Accountant,2.0,Metro City,56674.19
51.0,Female,Bachelor's,IT,IT Support,15.0,Metro City,104679.83
26.0,Male,Bachelor's,IT,Data Analyst,0.0,Metro City,60706.16
48.0,Male,High School,Marketing,SEO Specialist,18.0,Metro City,55871.77
49.0,Female,PhD,Marketing,SEO Specialist,17.0,Metro City,142103.3
34.0,Male,Master's,Sales,Sales Manager,8.0,Tier-2 City,79383.82
33.0,Male,Bachelor's,Finance,Financial Analyst,13.0,Metro City,80622.67
26.0,Female,Bachelor's,Finance,Financial Analyst,4.0,Tier-2 City,47048.86
25.0,Female,Bachelor's,Operations,Operations Manager,0.0,Remote,46801.84
54.0,Male,Bachelor's,Sales,Account Manager,11.0,Tier-2 City,67035.68
38.0,Female,High School,HR,Recruiter,,Metro City,33232.45
52.0,Male,Bachelor's,IT,DevOps Engineer,13.0,Tier-2 City,80266.25
53.0,Female,Bachelor's,Finance,Accountant,16.0,Tier-2 City,77620.27
21.0,Male,High School,Finance,Financial Analyst,1.0,Metro City,37131.01
21.0,Female,High School,Finance,Financial Analyst,1.0,Remote,27418.4
33.0,Female,Bachelor's,Marketing,SEO Specialist,0.0,Tier-2 City,37696.36
33.0,Female,Bachelor's,IT,IT Support,4.0,Tier-2 City,59825.26
42.0,Male,Bachelor's,HR,HR Manager,12.0,Metro City,70020.06
34.0,Female,PhD,Operations,Operations Manager,12.0,Remote,112175.81
42.0,Female,Bachelor's,Finance,Accountant,15.0,Remote,75445.64
42.0,Male,Bachelor's,IT,DevOps Engineer,17.0,Remote,89842.81
32.0,Female,Bachelor's,Operations,Operations Analyst,8.0,Tier-2 City,44473.51
49.0,Female,Master's,HR,HR Manager,15.0,Tier-2 City,84440.46
39.0,Female,Bachelor's,Marketing,SEO Specialist,9.0,Metro City,63496.1
53.0,Male,Bachelor's,IT,IT Support,17.0,Tier-2 City,78630.85
32.0,Male,PhD,HR,HR Executive,5.0,Tier-2 City,68501.86
40.0,Female,Bachelor's,Operations,Operations Manager,10.0,Tier-2 City,57321.86
43.0,Male,PhD,HR,HR Manager,13.0,Tier-2 City,103759.11
31.0,Male,PhD,Marketing,Marketing Executive,4.0,Metro City,91162.33
35.0,Female,Bachelor's,Finance,Financial Analyst,7.0,Remote,58742.03
31.0,Male,Bachelor's,IT,Software Engineer,,Tier-2 City,59279.47
40.0,Male,High School,Operations,Logistics Coordinator,9.0,Metro City,45024.73
42.0,Female,High School,IT,DevOps Engineer,22.0,Metro City,68024.86
46.0,Female,Master's,HR,HR Manager,13.0,Metro City,98890.43
30.0,Male,Bachelor's,HR,HR Manager,4.0,Metro City,59833.66
43.0,Male,High School,Sales,Sales Manager,12.0,Remote,48780.71
32.0,Female,Master's,HR,HR Executive,4.0,Tier-2 City,50146.27
37.0,Female,PhD,IT,DevOps Engineer,10.0,Tier-2 City,110543.32
34.0,Female,Bachelor's,Sales,Sales Executive,0.0,Metro City,44367.39
21.0,Female,High School,Finance,Accountant,0.0,Remote,30682.9
28.0,Male,PhD,Finance,Accountant,0.0,Tier-2 City,68351.37
35.0,Male,Bachelor's,IT,Data Analyst,9.0,Metro City,76811.63
49.0,Male,Master's,HR,HR Manager,19.0,Tier-2 City,95628.22
22.0,Male,High School,Marketing,Marketing Manager,2.0,Tier-2 City,42703.47
35.0,Male,Bachelor's,HR,Recruiter,14.0,Metro City,68521.48
34.0,Male,Bachelor's,Finance,Finance Manager,5.0,Remote,66122.17
41.0,Male,Bachelor's,Operations,Operations Analyst,11.0,Tier-2 City,56396.08
23.0,Female,Master's,Finance,Finance Manager,2.0,Metro City,77903.66
26.0,Male,Bachelor's,HR,HR Executive,6.0,Tier-2 City,36893.89
39.0,Female,Master's,IT,Data Analyst,12.0,Remote,97315.87
21.0,Female,High School,Finance,Financial Analyst,1.0,Metro City,37961.21
25.0,Male,Master's,Operations,Operations Manager,5.0,Tier-2 City,66570.31
58.0,Male,Bachelor's,IT,Software Engineer,13.0,Metro City,92476.75
42.0,Male,Bachelor's,Sales,Account Manager,13.0,Tier-2 City,64964.43
21.0,Male,Bachelor's,Sales,Account Manager,0.0,Metro City,52939.97
22.0,Male,High School,HR,Recruiter,0.0,Metro City,23175.53
26.0,Male,Master's,HR,Recruiter,0.0,Tier-2 City,45997.3
42.0,Male,Bachelor's,IT,Data Analyst,7.0,Metro City,81454.12
37.0,Female,Master's,HR,HR Manager,3.0,Tier-2 City,59061.8
,Male,Bachelor's,Marketing,Marketing Manager,10.0,Remote,74133.73
49.0,Male,Master's,Marketing,Marketing Manager,5.0,Metro City,88695.49
33.0,Male,High School,IT,DevOps Engineer,7.0,Metro City,45929.82
42.0,Female,Master's,Finance,Accountant,8.0,Metro City,91509.93
35.0,Female,PhD,Finance,Accountant,15.0,Remote,121830.16
28.0,Male,Master's,IT,Software Engineer,6.0,Metro City,94177.44
34.0,Female,Master's,Sales,Sales Manager,1.0,Metro City,77763.79
37.0,Female,Bachelor's,Sales,Sales Manager,12.0,Tier-2 City,72000.53
26.0,Female,Bachelor's,Marketing,SEO Specialist,6.0,Remote,48593.39
24.0,Male,High School,Marketing,Marketing Executive,4.0,Metro City,32969.69
37.0,Male,Master's,Marketing,Marketing Manager,11.0,Tier-2 City,81699.72
37.0,Female,Bachelor's,Marketing,Marketing Executive,9.0,Tier-2 City,57374.29
21.0,Female,Master's,Operations,Logistics Coordinator,1.0,Tier-2 City,40316.14
26.0,Male,Bachelor's,Finance,Accountant,1.0,Metro City,54772.31
36.0,Female,Bachelor's,Operations,Logistics Coordinator,10.0,Remote,60350.57
33.0,Female,Bachelor's,HR,HR Executive,10.0,Tier-2 City,51389.79
23.0,Female,Master's,Finance,Accountant,0.0,Remote,52501.98
45.0,Male,Master's,Sales,Sales Executive,10.0,Metro City,82340.79
,Female,Master's,Operations,Logistics Coordinator,12.0,Metro City,82102.81
34.0,Female,High School,Finance,Financial Analyst,9.0,Tier-2 City,33884.01
46.0,Male,High School,Sales,Sales Manager,9.0,Metro City,52177.4
35.0,Male,Master's,Sales,Sales Executive,8.0,Remote,62449.37
33.0,Male,Master's,IT,IT Support,5.0,Metro City,99630.36
33.0,Female,High School,HR,HR Executive,7.0,Tier-2 City,31938.08
43.0,Male,Master's,Marketing,Marketing Executive,17.0,Tier-2 City,81542.45
27.0,Female,Master's,Marketing,Marketing Executive,2.0,Metro City,67415.41
41.0,Male,Bachelor's,IT,IT Support,11.0,Remote,75937.04
24.0,Female,Master's,HR,HR Executive,0.0,Tier-2 City,41379.36
39.0,Female,High School,HR,Recruiter,17.0,Remote,36288.0
50.0,Female,Bachelor's,Operations,Logistics Coordinator,19.0,Metro City,83824.91
48.0,Male,Master's,Marketing,Marketing Executive,16.0,Metro City,103238.63
21.0,Male,PhD,Sales,Account Manager,1.0,Metro City,87008.83
36.0,Female,High School,HR,HR Executive,4.0,Remote,33464.29
57.0,Male,High School,HR,Recruiter,23.0,Tier-2 City,45977.97
36.0,Male,Master's,HR,HR Manager,5.0,Tier-2 City,66069.73
28.0,Male,Master's,IT,IT Support,6.0,Metro City,92269.54
42.0,Male,Master's,Operations,Operations Manager,8.0,Metro City,84508.61
36.0,Male,Master's,Operations,Logistics Coordinator,13.0,Remote,78473.34
22.0,Male,Master's,Marketing,Marketing Executive,2.0,Metro City,63774.62
35.0,Male,Bachelor's,Operations,Operations Analyst,0.0,Metro City,42739.22
46.0,Male,Bachelor's,HR,Recruiter,23.0,Tier-2 City,65038.53
29.0,Male,High School,Marketing,SEO Specialist,2.0,Tier-2 City,26033.95
31.0,Male,Bachelor's,IT,IT Support,8.0,Metro City,73711.55
31.0,Male,Bachelor's,IT,Data Analyst,0.0,Metro City,61765.04
31.0,Female,PhD,Marketing,Marketing Executive,11.0,Metro City,110927.93
32.0,Female,High School,HR,HR Executive,12.0,Remote,35174.44
34.0,Male,Bachelor's,Marketing,SEO Specialist,12.0,Metro City,73860.43
39.0,Male,Master's,Finance,Finance Manager,11.0,Tier-2 City,88510.57
21.0,Male,High School,HR,Recruiter,0.0,Metro City,20486.06
44.0,Female,Bachelor's,Sales,Account Manager,8.0,Tier-2 City,57803.04
44.0,Female,High School,Finance,Accountant,6.0,Tier-2 City,43369.09
21.0,Female,High School,HR,HR Manager,0.0,Metro City,39612.28
25.0,Male,Master's,Finance,Financial Analyst,1.0,Tier-2 City,55983.64
42.0,Male,Bachelor's,HR,Recruiter,12.0,Metro City,65926.11
30.0,Male,Master's,Operations,Logistics Coordinator,10.0,Tier-2 City,66170.79
24.0,Male,High School,Finance,Finance Manager,4.0,Metro City,45800.14
40.0,Female,Master's,IT,DevOps Engineer,9.0,Remote,92818.24
47.0,Male,Bachelor's,Marketing,Marketing Executive,14.0,Metro City,72915.72
21.0,Female,PhD,IT,Software Engineer,0.0,Metro City,97166.04
26.0,Female,PhD,Operations,Logistics Coordinator,3.0,Remote,64301.88
39.0,Male,PhD,Marketing,Marketing Executive,16.0,Metro City,135747.45
49.0,Female,Bachelor's,HR,Recruiter,15.0,Metro City,67448.87
32.0,Male,High School,Marketing,SEO Specialist,9.0,Remote,40649.29
40.0,Male,Bachelor's,Marketing,SEO Specialist,2.0,Metro City,51249.12
27.0,Female,PhD,HR,HR Manager,5.0,Tier-2 City,77641.8
38.0,Male,Bachelor's,Sales,Sales Manager,14.0,Metro City,87105.34
29.0,Female,High School,HR,HR Manager,4.0,Remote,45910.23
27.0,Male,Master's,Operations,Operations Manager,3.0,Tier-2 City,67060.07
29.0,Male,Bachelor's,IT,DevOps Engineer,1.0,Tier-2 City,51727.19
39.0,Male,Master's,IT,IT Support,15.0,Remote,106108.02
28.0,Female,Bachelor's,IT,Software Engineer,7.0,Metro City,72678.14
33.0,Female,High School,Finance,Finance Manager,6.0,Remote,47042.72
21.0,Male,Bachelor's,Finance,Finance Manager,0.0,Tier-2 City,51903.34
31.0,Male,Bachelor's,Sales,Sales Executive,0.0,Tier-2 City,43303.92
43.0,Male,Master's,Sales,Account Manager,14.0,Remote,91459.02
39.0,Female,Master's,HR,HR Executive,9.0,Metro City,76693.82
31.0,Male,Bachelor's,Finance,Accountant,8.0,Tier-2 City,53851.13
27.0,Female,Bachelor's,Finance,Finance Manager,1.0,Remote,57602.27
29.0,Female,PhD,Sales,Account Manager,9.0,Metro City,116105.46
24.0,Female,High School,Sales,Account Manager,0.0,Metro City,39860.46
38.0,Female,PhD,Marketing,SEO Specialist,14.0,Remote,106331.56
33.0,Male,Bachelor's,Operations,Operations Analyst,13.0,Tier-2 City,56700.09
31.0,Male,Master's,Marketing,Marketing Manager,7.0,Metro City,89363.1
43.0,Male,High School,Operations,Logistics Coordinator,19.0,Metro City,52037.54
29.0,Male,Master's,Finance,Finance Manager,9.0,Remote,86872.95
39.0,Female,Bachelor's,Marketing,SEO Specialist,15.0,Metro City,75748.24
29.0,Male,Bachelor's,HR,HR Manager,0.0,Metro City,54160.68
30.0,Female,Bachelor's,Operations,Operations Analyst,9.0,Metro City,53644.51
31.0,Female,Bachelor's,Sales,Account Manager,3.0,Remote,49253.57
25.0,Male,Bachelor's,Marketing,SEO Specialist,5.0,Tier-2 City,41096.61
,Female,Bachelor's,IT,IT Support,3.0,Tier-2 City,54949.4
37.0,Female,PhD,Finance,Accountant,10.0,Tier-2 City,100433.7
24.0,Female,Master's,Operations,Operations Manager,0.0,Metro City,64479.98
41.0,Female,Bachelor's,Operations,Logistics Coordinator,12.0,Metro City,62039.18
21.0,Male,Bachelor's,Marketing,SEO Specialist,1.0,Remote,44448.51
,Male,Master's,HR,Recruiter,17.0,Metro City,87719.51
40.0,Female,Bachelor's,Finance,Financial Analyst,13.0,Remote,66854.54
27.0,Male,Bachelor's,Finance,Finance Manager,7.0,Metro City,76949.08
23.0,Female,Master's,Operations,Operations Manager,3.0,Metro City,72959.0
28.0,Male,Master's,IT,Software Engineer,0.0,Metro City,76262.75
31.0,Female,Master's,Finance,Financial Analyst,9.0,Metro City,90968.6
27.0,Female,Master's,HR,HR Executive,6.0,Tier-2 City,54260.15
28.0,Female,Bachelor's,Finance,Financial Analyst,7.0,Metro City,63485.6
25.0,Male,Bachelor's,Marketing,Marketing Manager,0.0,Tier-2 City,48728.78
21.0,Female,Master's,Finance,Finance Manager,0.0,Tier-2 City,64840.89
28.0,Male,Bachelor's,Operations,Operations Manager,3.0,Tier-2 City,54767.35
32.0,Female,Bachelor's,HR,HR Executive,11.0,Tier-2 City,50488.32
39.0,Female,Bachelor's,Operations,Logistics Coordinator,12.0,Metro City,65103.67
39.0,Female,Bachelor's,IT,DevOps Engineer,10.0,Remote,75187.26
32.0,Male,Bachelor's,Finance,Accountant,12.0,Remote,68332.38
33.0,Male,Bachelor's,Operations,Operations Analyst,11.0,Tier-2 City,44584.07
46.0,Male,Bachelor's,Sales,Sales Executive,7.0,Metro City,66118.3
43.0,Male,Bachelor's,Finance,Financial Analyst,14.0,Tier-2 City,68115.45
27.0,Male,PhD,HR,HR Manager,7.0,Metro City,100804.73
42.0,Male,Bachelor's,Marketing,Marketing Executive,9.0,Tier-2 City,49039.48
32.0,Male,Bachelor's,IT,DevOps Engineer,0.0,Remote,50834.28
29.0,Male,High School,Finance,Finance Manager,0.0,Tier-2 City,40165.01
24.0,Male,Bachelor's,Marketing,Marketing Executive,0.0,Metro City,44369.62
32.0,Female,High School,Finance,Accountant,5.0,Metro City,44299.07
26.0,Female,High School,Finance,Accountant,0.0,Metro City,33694.94
27.0,Female,Master's,HR,Recruiter,0.0,Remote,44516.31
38.0,Male,Master's,Marketing,SEO Specialist,12.0,Tier-2 City,72206.33
54.0,Female,High School,HR,Recruiter,20.0,Metro City,49284.74
21.0,Male,Master's,IT,Data Analyst,0.0,Tier-2 City,60713.83
36.0,Female,Master's,Finance,Financial Analyst,8.0,Metro City,83267.3
35.0,Male,Master's,Marketing,Marketing Manager,7.0,Metro City,86859.73
23.0,Male,Bachelor's,Operations,Operations Manager,2.0,Tier-2 City,52255.53
41.0,Male,Bachelor's,Sales,Account Manager,11.0,Metro City,82289.85
34.0,Female,Bachelor's,Operations,Logistics Coordinator,10.0,Metro City,65170.11
21.0,Male,Bachelor's,IT,IT Support,1.0,Metro City,63425.95
22.0,Female,Bachelor's,Finance,Financial Analyst,0.0,Metro City,52936.88
39.0,Male,Master's,Finance,Finance Manager,3.0,Metro City,90286.04
27.0,Female,High School,Operations,Operations Analyst,2.0,Metro City,35822.72
27.0,Male,Bachelor's,Marketing,SEO Specialist,6.0,Remote,51036.39
44.0,Male,High School,Finance,Financial Analyst,15.0,Metro City,50310.73
33.0,Male,Bachelor's,IT,DevOps Engineer,11.0,Metro City,82327.01
30.0,Male,High School,IT,IT Support,1.0,Metro City,42113.26
40.0,Male,Bachelor's,Marketing,SEO Specialist,12.0,Metro City,69306.6
23.0,Male,Bachelor's,Sales,Account Manager,0.0,Remote,48931.13
44.0,Female,High School,IT,IT Support,8.0,Metro City,52352.55
50.0,Female,Bachelor's,Operations,Operations Manager,9.0,Metro City,77738.01
35.0,Male,Master's,HR,HR Manager,10.0,Tier-2 City,71575.8
21.0,Female,Master's,Sales,Account Manager,0.0,Tier-2 City,61238.59
38.0,Male,Bachelor's,Sales,Sales Executive,10.0,Remote,49084.72
21.0,Female,Master's,Sales,Sales Manager,1.0,Metro City,66777.48
21.0,Female,Bachelor's,HR,HR Manager,0.0,Metro City,53334.16
39.0,Male,High School,Sales,Sales Manager,6.0,Tier-2 City,41458.31
35.0,Male,Bachelor's,HR,HR Executive,3.0,Remote,40760.86
32.0,Female,Bachelor's,Operations,Operations Manager,10.0,Metro City,74499.59
56.0,Male,Master's,IT,Data Analyst,15.0,Tier-2 City,97430.92
40.0,Female,PhD,Operations,Operations Manager,,Metro City,129975.67
55.0,Female,Master's,IT,DevOps Engineer,21.0,Tier-2 City,123290.96
34.0,Male,Master's,Finance,Financial Analyst,11.0,Remote,83810.14
44.0,Female,Bachelor's,HR,HR Manager,9.0,Metro City,76266.75
21.0,Female,Bachelor's,IT,IT Support,0.0,Metro City,63071.42
48.0,Male,Bachelor's,IT,DevOps Engineer,15.0,Tier-2 City,78418.85
41.0,Female,Master's,Operations,Operations Analyst,11.0,Metro City,79629.26
24.0,Male,Bachelor's,Sales,Account Manager,4.0,Remote,55692.51
31.0,Male,Bachelor's,Marketing,SEO Specialist,7.0,Metro City,53046.82
47.0,Female,High School,Sales,Sales Manager,12.0,Remote,55461.82
44.0,Female,Bachelor's,Marketing,Marketing Manager,8.0,Tier-2 City,65700.81
29.0,Female,High School,Finance,Accountant,6.0,Tier-2 City,31049.86
23.0,Female,Bachelor's,Operations,Logistics Coordinator,1.0,Remote,39942.62
39.0,Male,Master's,HR,HR Manager,8.0,Metro City,78546.12
46.0,Female,Bachelor's,HR,Recruiter,18.0,Metro City,76809.84
23.0,Male,Bachelor's,Finance,Finance Manager,0.0,Metro City,57069.38
41.0,Male,Bachelor's,Operations,Operations Analyst,16.0,Metro City,76558.38
37.0,Male,Master's,IT,DevOps Engineer,10.0,Metro City,112056.18
34.0,Male,Master's,Finance,Accountant,11.0,Metro City,103792.02
45.0,Male,Master's,Operations,Logistics Coordinator,15.0,Tier-2 City,78657.83
49.0,Female,Bachelor's,HR,Recruiter,8.0,Metro City,55880.89
28.0,Male,Bachelor's,IT,Software Engineer,0.0,Metro City,65518.83
40.0,Female,Master's,Finance,Accountant,14.0,Remote,90507.13
38.0,Male,High School,Marketing,SEO Specialist,13.0,Metro City,41084.37
30.0,Male,Bachelor's,HR,HR Manager,1.0,Tier-2 City,49696.57
53.0,Female,Master's,Sales,Sales Manager,19.0,Tier-2 City,101089.41
46.0,Male,Bachelor's,IT,IT Support,14.0,Remote,82140.75
54.0,Female,High School,Operations,Logistics Coordinator,23.0,Metro City,57465.12
29.0,Female,Master's,Operations,Operations Analyst,2.0,Tier-2 City,52650.79
28.0,Female,High School,Marketing,SEO Specialist,8.0,Metro City,37852.02
21.0,Male,Bachelor's,Sales,Account Manager,1.0,Tier-2 City,43639.19
37.0,Male,Master's,HR,HR Manager,11.0,Remote,74028.52
40.0,Male,Bachelor's,Operations,Logistics Coordinator,13.0,Tier-2 City,58309.24
49.0,Male,Bachelor's,Finance,Accountant,18.0,Tier-2 City,72098.56
22.0,Female,Master's,Sales,Account Manager,0.0,Tier-2 City,62407.26
26.0,Female,Master's,Marketing,SEO Specialist,0.0,Tier-2 City,51189.22
53.0,Male,PhD,Marketing,Marketing Executive,22.0,Metro City,153133.62
,Male,Bachelor's,Operations,Operations Analyst,11.0,Tier-2 City,52893.28
24.0,Male,Master's,Operations,Operations Analyst,0.0,Metro City,49071.93
42.0,Female,Bachelor's,IT,Data Analyst,12.0,Tier-2 City,67039.32
21.0,Female,Bachelor's,IT,Software Engineer,0.0,Tier-2 City,44362.29
37.0,Female,Master's,Marketing,Marketing Manager,7.0,Metro City,89727.51
51.0,Male,Bachelor's,Finance,Accountant,13.0,Tier-2 City,67552.07
46.0,Male,Bachelor's,Sales,Sales Manager,16.0,Tier-2 City,75247.6
41.0,Female,Master's,Finance,Finance Manager,4.0,Remote,79604.51
33.0,Male,Master's,HR,HR Manager,7.0,Tier-2 City,61265.87
39.0,Male,High School,IT,Software Engineer,13.0,Tier-2 City,51409.5
40.0,Female,Bachelor's,Operations,Operations Analyst,14.0,Remote,63785.51
33.0,Male,High School,Sales,Account Manager,5.0,Metro City,50599.04
34.0,Female,Bachelor's,HR,Recruiter,8.0,Tier-2 City,50134.34
31.0,Male,Master's,Marketing,Marketing Executive,3.0,Tier-2 City,55200.61
41.0,Male,Bachelor's,Operations,Logistics Coordinator,10.0,Tier-2 City,43712.36
21.0,Male,Bachelor's,Marketing,Marketing Executive,1.0,Remote,42282.34
49.0,Female,PhD,Finance,Finance Manager,16.0,Tier-2 City,124709.63
39.0,Female,Bachelor's,Marketing,SEO Specialist,4.0,Tier-2 City,41231.7
31.0,Female,Bachelor's,Operations,Operations Analyst,3.0,Metro City,53436.94
39.0,Male,Master's,Finance,Financial Analyst,12.0,Tier-2 City,85501.52
23.0,Male,Bachelor's,Operations,Operations Manager,3.0,Remote,46427.98
24.0,Male,Bachelor's,HR,Recruiter,0.0,Metro City,38210.42
29.0,Male,High School,Finance,Finance Manager,7.0,Tier-2 City,51204.84
41.0,Male,High School,IT,IT Support,12.0,Metro City,60011.63
26.0,Male,PhD,IT,Software Engineer,0.0,Remote,78183.33
57.0,Female,Bachelor's,Operations,Logistics Coordinator,,Remote,57244.99
36.0,Male,Bachelor's,IT,Software Engineer,8.0,Metro City,83395.43
38.0,Male,Bachelor's,Sales,Sales Executive,10.0,Tier-2 City,46875.59
42.0,Male,Bachelor's,Sales,Account Manager,14.0,Metro City,88797.97
42.0,Male,Bachelor's,HR,HR Manager,9.0,Metro City,67601.37
31.0,Male,Master's,Finance,Finance Manager,4.0,Metro City,89905.71
32.0,Male,Master's,Operations,Operations Analyst,2.0,Metro City,54739.29
32.0,Male,Bachelor's,Finance,Financial Analyst,5.0,Tier-2 City,54286.03
24.0,Male,Master's,Operations,Logistics Coordinator,0.0,Tier-2 City,36924.47
28.0,Male,Master's,Marketing,Marketing Manager,5.0,Metro City,89419.2
37.0,Female,Bachelor's,Marketing,Marketing Executive,1.0,Remote,37811.3
42.0,Female,Master's,Operations,Operations Analyst,17.0,Remote,82298.41
38.0,Female,Bachelor's,Finance,Accountant,13.0,Tier-2 City,71166.45
55.0,Female,PhD,Marketing,SEO Specialist,18.0,Metro City,140238.68
34.0,Female,Bachelor's,Finance,Financial Analyst,14.0,Metro City,78135.93
47.0,Female,High School,HR,HR Executive,12.0,Tier-2 City,38896.03
37.0,Female,Bachelor's,HR,HR Manager,8.0,Remote,56471.14
40.0,Male,Master's,HR,Recruiter,15.0,Tier-2 City,73474.75
23.0,Female,PhD,Sales,Sales Manager,0.0,Tier-2 City,72096.69
52.0,Female,Master's,Marketing,Marketing Manager,19.0,Remote,109389.66
32.0,Female,Bachelor's,Finance,Financial Analyst,3.0,Tier-2 City,45668.71
37.0,Female,Master's,Operations,Operations Analyst,14.0,Metro City,88948.03
35.0,Male,Master's,Sales,Account Manager,,Metro City,69365.48
33.0,Female,Bachelor's,IT,IT Support,5.0,Metro City,74054.37
21.0,Male,Master's,HR,HR Executive,1.0,Tier-2 City,44965.63
35.0,Female,Bachelor's,IT,Data Analyst,5.0,Metro City,76926.68
26.0,Male,Master's,HR,Recruiter,0.0,Tier-2 City,38672.47
30.0,Male,Bachelor's,Operations,Operations Analyst,0.0,Tier-2 City,35468.34
40.0,Female,Master's,Operations,Operations Manager,9.0,Remote,72533.47
47.0,Female,High School,Marketing,Marketing Manager,12.0,Remote,53324.56
47.0,Female,Bachelor's,Operations,Operations Analyst,9.0,Tier-2 City,49412.53
32.0,Male,Bachelor's,Operations,Operations Analyst,5.0,Metro City,52322.62
24.0,Male,Master's,Operations,Logistics Coordinator,0.0,Metro City,54222.02
30.0,Female,Bachelor's,Finance,Accountant,2.0,Remote,53689.62
35.0,Male,Bachelor's,Operations,Operations Analyst,11.0,Metro City,60887.96
32.0,Male,Bachelor's,HR,HR Manager,11.0,Tier-2 City,62063.77
32.0,Male,High School,Marketing,Marketing Executive,3.0,Metro City,32787.34
54.0,Male,Bachelor's,Operations,Operations Analyst,25.0,Metro City,91057.71
27.0,Female,Bachelor's,Marketing,SEO Specialist,3.0,Remote,42778.6
27.0,Female,Bachelor's,Sales,Sales Executive,6.0,Metro City,50834.44
34.0,Female,Master's,Operations,Operations Analyst,0.0,Metro City,56376.69
34.0,Male,Bachelor's,HR,HR Executive,5.0,Metro City,47561.08
46.0,Male,Bachelor's,HR,Recruiter,16.0,Metro City,62727.78
31.0,Male,High School,HR,Recruiter,5.0,Tier-2 City,24889.23
23.0,Female,Bachelor's,IT,Data Analyst,0.0,Metro City,62673.96
35.0,Female,Master's,Operations,Operations Manager,2.0,Tier-2 City,62688.04
34.0,Female,Bachelor's,Sales,Sales Executive,6.0,Metro City,50985.61
24.0,Female,Master's,IT,IT Support,3.0,Metro City,78576.23
31.0,Male,Master's,Sales,Sales Manager,1.0,Metro City,69409.46
48.0,Male,Bachelor's,HR,HR Executive,6.0,Remote,45837.25
48.0,Male,Bachelor's,IT,Software Engineer,15.0,Remote,84572.54
34.0,Male,Bachelor's,Sales,Sales Executive,9.0,Tier-2 City,50429.95
27.0,Female,Bachelor's,Operations,Logistics Coordinator,1.0,Tier-2 City,35181.36
41.0,Female,Master's,Finance,Financial Analyst,5.0,Remote,67517.7
39.0,Male,PhD,Sales,Account Manager,13.0,Remote,111736.27
41.0,Female,Master's,Sales,Account Manager,13.0,Metro City,99479.57
44.0,Male,Bachelor's,Marketing,Marketing Executive,15.0,Metro City,76401.18
29.0,Male,Bachelor's,Finance,Finance Manager,7.0,Tier-2 City,65544.19
37.0,Male,Bachelor's,IT,DevOps Engineer,14.0,Metro City,97479.35
26.0,Female,Bachelor's,Sales,Sales Manager,0.0,Metro City,61305.55
40.0,Male,Bachelor's,Sales,Account Manager,11.0,Tier-2 City,67265.68
46.0,Male,Bachelor's,Sales,Sales Executive,10.0,Metro City,60361.31
23.0,Female,Bachelor's,HR,Recruiter,3.0,Tier-2 City,38298.61
40.0,Male,Master's,Operations,Operations Manager,8.0,Remote,79764.04
34.0,Male,Bachelor's,IT,Data Analyst,12.0,Metro City,89230.61
24.0,Male,Master's,Finance,Accountant,2.0,Metro City,67449.81
48.0,Male,Bachelor's,Finance,Financial Analyst,15.0,Tier-2 City,69439.41
25.0,Male,Master's,HR,HR Manager,5.0,Tier-2 City,60838.31
56.0,Male,Master's,Operations,Logistics Coordinator,20.0,Tier-2 City,89421.52
24.0,Female,Bachelor's,HR,HR Manager,0.0,Tier-2 City,43351.06
28.0,Male,PhD,IT,Software Engineer,0.0,Remote,86572.45
42.0,Male,Master's,IT,IT Support,11.0,Metro City,108231.65
40.0,Male,Bachelor's,Operations,Logistics Coordinator,7.0,Metro City,53309.21
33.0,Female,High School,Sales,Sales Executive,4.0,Metro City,34117.9
35.0,Male,Bachelor's,Marketing,Marketing Manager,2.0,Metro City,69654.91
34.0,Female,PhD,IT,Data Analyst,,Tier-2 City,91997.83
34.0,Male,Bachelor's,HR,Recruiter,9.0,Metro City,55486.6
35.0,Male,Master's,Finance,Financial Analyst,10.0,Tier-2 City,75251.77
22.0,Female,Master's,Operations,Operations Manager,0.0,Metro City,70312.48
34.0,Male,Bachelor's,Finance,Financial Analyst,10.0,Tier-2 City,63232.85
38.0,Male,High School,HR,Recruiter,7.0,Remote,34193.7
25.0,Male,Bachelor's,HR,HR Executive,1.0,Tier-2 City,37453.27
36.0,Male,Bachelor's,Operations,Operations Analyst,9.0,Metro City,52748.1
41.0,Male,Master's,Finance,Accountant,14.0,Tier-2 City,86781.33
30.0,Male,Bachelor's,Operations,Operations Manager,2.0,Metro City,48650.85
33.0,Female,Master's,Operations,Logistics Coordinator,12.0,Remote,71799.32
41.0,Male,Bachelor's,Marketing,Marketing Manager,7.0,Remote,67214.5
41.0,Female,PhD,IT,Software Engineer,5.0,Tier-2 City,99262.42
28.0,Male,PhD,Operations,Logistics Coordinator,0.0,Remote,55562.87
54.0,Female,High School,Marketing,Marketing Executive,11.0,Tier-2 City,37745.56
40.0,Male,Bachelor's,IT,Software Engineer,20.0,Tier-2 City,91962.58
21.0,Female,Master's,Sales,Sales Manager,0.0,Tier-2 City,58930.34
25.0,Male,Master's,Marketing,SEO Specialist,5.0,Metro City,80849.99
25.0,Female,Bachelor's,Finance,Finance Manager,5.0,Tier-2 City,59189.94
41.0,Male,Bachelor's,IT,IT Support,16.0,Tier-2 City,80033.17
61.0,Female,Master's,Marketing,Marketing Manager,23.0,Metro City,135023.12
34.0,Male,Bachelor's,Marketing,Marketing Manager,4.0,Remote,54039.8
46.0,Female,Bachelor's,Operations,Logistics Coordinator,6.0,Metro City,57791.23
33.0,Male,Bachelor's,Marketing,Marketing Manager,12.0,Metro City,82113.08
40.0,Male,Bachelor's,Operations,Logistics Coordinator,7.0,Tier-2 City,44569.81
46.0,Female,Master's,Finance,Financial Analyst,17.0,Remote,98810.42
21.0,Male,High School,Operations,Operations Manager,0.0,Metro City,38058.95
37.0,Female,High School,IT,IT Support,12.0,Remote,50256.33
41.0,Male,Master's,Operations,Operations Analyst,13.0,Remote,67867.7
29.0,Male,Bachelor's,Finance,Finance Manager,9.0,Remote,70679.98
47.0,Female,Bachelor's,Marketing,Marketing Manager,5.0,Tier-2 City,68990.72
21.0,Male,High School,Marketing,Marketing Manager,1.0,Metro City,44021.73
26.0,Female,Master's,HR,HR Executive,6.0,Remote,54961.0
22.0,Female,Bachelor's,Finance,Accountant,2.0,Metro City,58344.64
53.0,Female,Bachelor's,Operations,Operations Analyst,18.0,Metro City,76680.9
27.0,Male,Bachelor's,Finance,Financial Analyst,6.0,Remote,53264.99
39.0,Male,Bachelor's,Sales,Sales Executive,11.0,Metro City,60424.62
34.0,Male,Bachelor's,HR,Recruiter,1.0,Tier-2 City,43484.05
21.0,Male,High School,IT,Data Analyst,0.0,Tier-2 City,32574.35
44.0,Male,Master's,Operations,Operations Manager,18.0,Remote,102141.36
43.0,Female,Bachelor's,Finance,Financial Analyst,9.0,Metro City,79590.74
42.0,Female,High School,Operations,Logistics Coordinator,19.0,Remote,41088.76
33.0,Female,Master's,Marketing,Marketing Manager,7.0,Metro City,90958.05
27.0,Male,Bachelor's,Finance,Accountant,0.0,Metro City,57473.48
43.0,Male,Bachelor's,Operations,Operations Analyst,5.0,Tier-2 City,40647.58
35.0,Male,Bachelor's,Marketing,SEO Specialist,,Tier-2 City,50314.69
25.0,Female,Master's,Operations,Logistics Coordinator,0.0,Tier-2 City,41496.27
33.0,Female,Bachelor's,Finance,Accountant,6.0,Remote,57793.62
42.0,Male,Bachelor's,Finance,Finance Manager,6.0,Metro City,77531.05
31.0,Female,Bachelor's,Marketing,Marketing Executive,4.0,Tier-2 City,46105.83
42.0,Female,Master's,Marketing,Marketing Manager,7.0,Metro City,91830.7
26.0,Female,Master's,Marketing,Marketing Executive,0.0,Tier-2 City,51516.35
49.0,Male,Bachelor's,HR,Recruiter,21.0,Tier-2 City,58339.44
47.0,Male,Master's,HR,Recruiter,16.0,Tier-2 City,73205.37
21.0,Male,Bachelor's,Sales,Account Manager,1.0,Tier-2 City,48134.24
44.0,Male,Master's,IT,Software Engineer,13.0,Remote,94603.71
28.0,Male,Bachelor's,Marketing,Marketing Manager,0.0,Metro City,51267.07
34.0,Female,Master's,IT,Data Analyst,10.0,Metro City,103575.96
23.0,Female,Master's,Operations,Operations Manager,0.0,Metro City,64765.88
32.0,Male,Master's,Sales,Sales Executive,6.0,Remote,60332.8
42.0,Male,Master's,Sales,Account Manager,15.0,Metro City,104987.28
32.0,Female,Bachelor's,Marketing,Marketing Executive,8.0,Metro City,62164.65
40.0,Female,High School,Marketing,Marketing Executive,9.0,Metro City,47711.66
47.0,Female,High School,IT,DevOps Engineer,13.0,Metro City,54309.47
38.0,Female,Bachelor's,Finance,Finance Manager,8.0,Remote,70512.28
28.0,Female,PhD,IT,Data Analyst,0.0,Remote,93393.19
27.0,Male,Bachelor's,IT,IT Support,3.0,Tier-2 City,58838.26
45.0,Male,Master's,Operations,Logistics Coordinator,16.0,Remote,84629.23
31.0,Male,Master's,IT,Data Analyst,0.0,Tier-2 City,65826.64
35.0,Male,Bachelor's,Marketing,Marketing Manager,8.0,Tier-2 City,60674.58
52.0,Male,High School,Marketing,SEO Specialist,16.0,Remote,46599.02
53.0,Male,High School,Sales,Account Manager,20.0,Tier-2 City,58088.11
54.0,Male,Bachelor's,HR,HR Executive,15.0,Remote,57870.6
30.0,Female,Master's,IT,IT Support,2.0,Tier-2 City,63385.43
29.0,Female,Bachelor's,Operations,Logistics Coordinator,6.0,Metro City,49511.86
50.0,Male,Bachelor's,Marketing,SEO Specialist,15.0,Remote,66072.02
54.0,Female,Bachelor's,HR,Recruiter,18.0,Remote,57386.1
36.0,Male,Bachelor's,Operations,Logistics Coordinator,11.0,Metro City,64970.41
36.0,Male,High School,IT,Data Analyst,2.0,Remote,38839.36
21.0,Male,High School,IT,IT Support,0.0,Tier-2 City,31742.73
35.0,Female,Bachelor's,IT,DevOps Engineer,3.0,Tier-2 City,47909.63
58.0,Female,Master's,HR,HR Manager,24.0,Tier-2 City,95569.74
30.0,Male,Bachelor's,HR,Recruiter,0.0,Tier-2 City,30681.26
36.0,Male,Bachelor's,Finance,Financial Analyst,11.0,Metro City,76207.3
25.0,Male,Bachelor's,HR,HR Manager,0.0,Metro City,54326.28
44.0,Male,Bachelor's,Marketing,SEO Specialist,10.0,Metro City,68818.3
25.0,Male,Bachelor's,IT,DevOps Engineer,2.0,Remote,61099.91
36.0,Male,Master's,Operations,Operations Analyst,9.0,Metro City,80558.22
37.0,Male,Bachelor's,IT,IT Support,6.0,Remote,67493.38
46.0,Female,High School,IT,DevOps Engineer,15.0,Metro City,67412.78
23.0,Female,Bachelor's,Operations,Logistics Coordinator,0.0,Tier-2 City,29399.06
48.0,Male,High School,Sales,Sales Executive,17.0,Metro City,54082.76
39.0,Male,PhD,Operations,Logistics Coordinator,17.0,Metro City,127932.62
41.0,Female,PhD,Operations,Operations Manager,10.0,Remote,99253.37
34.0,Male,Bachelor's,IT,Software Engineer,0.0,Remote,51623.32
31.0,Female,Master's,HR,HR Manager,7.0,Metro City,81150.66
41.0,Male,Master's,Marketing,Marketing Manager,11.0,Metro City,99033.47
40.0,Male,Bachelor's,Marketing,SEO Specialist,12.0,Remote,63115.26
38.0,Male,Master's,HR,HR Executive,8.0,Remote,57304.86
30.0,Male,Master's,Finance,Finance Manager,1.0,Metro City,83546.6
,Male,Bachelor's,Marketing,Marketing Executive,6.0,Tier-2 City,51348.15
39.0,Female,Master's,Finance,Finance Manager,13.0,Metro City,113880.26
21.0,Male,Bachelor's,Finance,Finance Manager,,Tier-2 City,49717.13
34.0,Male,Bachelor's,IT,IT Support,8.0,Tier-2 City,60264.71
38.0,Male,Bachelor's,Sales,Sales Manager,12.0,Tier-2 City,69534.72
51.0,Male,Master's,Sales,Sales Manager,17.0,Tier-2 City,93412.08
29.0,Male,High School,Finance,Finance Manager,6.0,Remote,48156.73
33.0,Male,High School,IT,Software Engineer,7.0,Metro City,44642.11
30.0,Female,Bachelor's,Marketing,Marketing Executive,4.0,Metro City,52806.71
33.0,Male,Master's,Operations,Operations Manager,6.0,Tier-2 City,69194.5
28.0,Male,Master's,IT,DevOps Engineer,1.0,Tier-2 City,59202.94
39.0,Male,High School,Finance,Accountant,9.0,Metro City,45401.9
37.0,Female,Bachelor's,Marketing,Marketing Manager,9.0,Tier-2 City,66587.8
21.0,Male,Master's,HR,Recruiter,1.0,Tier-2 City,48253.64
21.0,Male,Master's,Operations,Logistics Coordinator,1.0,Metro City,53248.27
21.0,Female,Bachelor's,Finance,Financial Analyst,0.0,Metro City,49109.64
21.0,Male,Bachelor's,Finance,Finance Manager,0.0,Tier-2 City,54917.3
49.0,Male,Master's,Operations,Logistics Coordinator,15.0,Metro City,95577.16
40.0,Male,PhD,HR,Recruiter,14.0,Tier-2 City,88277.19
45.0,Male,Master's,HR,HR Executive,11.0,Metro City,75256.64
21.0,Male,Master's,Operations,Logistics Coordinator,0.0,Remote,42487.49
27.0,Female,Bachelor's,Marketing,SEO Specialist,0.0,Tier-2 City,39884.9
50.0,Female,Master's,Sales,Sales Manager,15.0,Metro City,104732.85
35.0,Male,Bachelor's,Operations,Operations Analyst,15.0,Remote,59814.77
39.0,Female,High School,Finance,Accountant,2.0,Metro City,41758.11
35.0,Female,High School,Sales,Sales Manager,13.0,Remote,50540.12
28.0,Male,Master's,HR,HR Executive,1.0,Tier-2 City,46924.75
37.0,Female,PhD,IT,DevOps Engineer,8.0,Metro City,130426.44
35.0,Female,High School,Sales,Sales Manager,8.0,Tier-2 City,50170.34
42.0,Male,Master's,HR,HR Manager,15.0,Remote,85907.69
27.0,Female,Bachelor's,HR,Recruiter,5.0,Tier-2 City,34898.81
41.0,Male,Bachelor's,Sales,Sales Manager,7.0,Remote,72541.02
21.0,Male,Bachelor's,Sales,Account Manager,1.0,Tier-2 City,52384.13
21.0,Male,Master's,Marketing,Marketing Executive,0.0,Metro City,57347.57
23.0,Female,Bachelor's,Finance,Accountant,3.0,Metro City,51035.48
37.0,Male,PhD,Operations,Operations Manager,6.0,Metro City,92369.3
29.0,Male,PhD,Finance,Financial Analyst,2.0,Metro City,93261.46
41.0,Male,PhD,Sales,Sales Executive,4.0,Tier-2 City,71333.6
45.0,Male,Bachelor's,HR,HR Executive,14.0,Remote,56686.51
30.0,Female,PhD,Finance,Accountant,9.0,Tier-2 City,100319.66
28.0,Female,Master's,Finance,Accountant,5.0,Metro City,72053.92
37.0,Female,Bachelor's,IT,Data Analyst,4.0,Metro City,68462.43
41.0,Female,Bachelor's,Finance,Financial Analyst,13.0,Metro City,85595.03
40.0,Male,Bachelor's,IT,Software Engineer,12.0,Remote,77582.21
30.0,Male,Bachelor's,HR,Recruiter,7.0,Tier-2 City,45051.56
36.0,Female,Bachelor's,HR,Recruiter,12.0,Metro City,57705.73
36.0,Female,Master's,IT,IT Support,10.0,Tier-2 City,87921.01
35.0,Male,Master's,Marketing,SEO Specialist,12.0,Remote,78515.7
31.0,Male,Master's,HR,Recruiter,2.0,Metro City,56136.45
34.0,Male,High School,Operations,Operations Manager,6.0,Tier-2 City,38561.1
35.0,Female,Master's,IT,Data Analyst,6.0,Tier-2 City,76901.52
34.0,Female,Bachelor's,IT,Data Analyst,0.0,Tier-2 City,52154.12
36.0,Male,Bachelor's,Marketing,Marketing Manager,0.0,Tier-2 City,46038.46
32.0,Female,Master's,Marketing,SEO Specialist,7.0,Metro City,77815.83
31.0,Male,Bachelor's,HR,HR Manager,7.0,Metro City,63646.27
37.0,Male,Bachelor's,Operations,Operations Analyst,1.0,Remote,44139.67
21.0,Female,Bachelor's,Finance,Finance Manager,1.0,Tier-2 City,56771.95
34.0,Male,Bachelor's,Finance,Accountant,6.0,Remote,56774.29
31.0,Female,Bachelor's,HR,Recruiter,4.0,Tier-2 City,39879.29
43.0,Female,Bachelor's,Finance,Finance Manager,7.0,Metro City,83098.45
36.0,Female,Bachelor's,Finance,Financial Analyst,7.0,Metro City,71983.57
47.0,Male,Master's,Operations,Operations Analyst,9.0,Metro City,82350.36
33.0,Female,Bachelor's,Operations,Logistics Coordinator,11.0,Metro City,58467.43
40.0,Female,PhD,Sales,Sales Manager,9.0,Remote,102697.53
28.0,Male,Master's,Operations,Logistics Coordinator,,Remote,44611.35
35.0,Male,Bachelor's,Marketing,SEO Specialist,7.0,Tier-2 City,50349.92
,Female,High School,Operations,Logistics Coordinator,0.0,Metro City,27873.93
36.0,Male,Master's,Finance,Accountant,6.0,Tier-2 City,61429.96
46.0,Male,Bachelor's,IT,DevOps Engineer,12.0,Tier-2 City,71003.31
50.0,Female,High School,Operations,Operations Manager,19.0,Metro City,67906.05
49.0,Male,Bachelor's,Operations,Logistics Coordinator,12.0,Remote,58303.45
33.0,Female,Bachelor's,Marketing,Marketing Executive,0.0,Tier-2 City,39861.73
37.0,Female,Master's,Finance,Accountant,5.0,Tier-2 City,64201.77
31.0,Female,Bachelor's,HR,HR Executive,0.0,Metro City,40596.06
26.0,Female,Bachelor's,Operations,Operations Analyst,6.0,Tier-2 City,41139.92
21.0,Female,Master's,Marketing,SEO Specialist,0.0,Metro City,51013.12
21.0,Male,Master's,IT,DevOps Engineer,0.0,Metro City,72635.65
24.0,Male,PhD,HR,HR Manager,4.0,Metro City,90539.77
35.0,Female,Bachelor's,HR,HR Executive,0.0,Metro City,44803.0
21.0,Male,Bachelor's,Finance,Finance Manager,1.0,Metro City,66327.49
37.0,Male,Master's,HR,HR Executive,12.0,Metro City,83902.04
39.0,Female,Master's,Sales,Sales Manager,7.0,Remote,74067.86
21.0,Female,Bachelor's,HR,HR Manager,1.0,Metro City,46231.82
34.0,Male,Master's,IT,Data Analyst,6.0,Metro City,97001.2
22.0,Male,High School,Marketing,SEO Specialist,2.0,Metro City,29285.58
21.0,Female,PhD,Sales,Account Manager,1.0,Tier-2 City,65434.59
29.0,Female,Master's,Marketing,Marketing Executive,0.0,Remote,52165.11
29.0,Male,Master's,Operations,Operations Manager,0.0,Remote,55617.62
39.0,Female,Bachelor's,HR,HR Manager,11.0,Remote,62793.99
51.0,Female,Bachelor's,HR,Recruiter,17.0,Metro City,73446.14
45.0,Female,Bachelor's,HR,Recruiter,13.0,Metro City,66267.22
36.0,Female,Master's,Sales,Account Manager,9.0,Metro City,92815.62
27.0,Male,High School,Sales,Sales Manager,5.0,Metro City,41720.63
31.0,Male,Master's,Finance,Accountant,3.0,Metro City,78985.81
30.0,Female,Master's,Finance,Financial Analyst,4.0,Remote,58528.47
34.0,Male,Bachelor's,Marketing,Marketing Executive,8.0,Metro City,59679.95
37.0,Female,Bachelor's,Sales,Sales Executive,13.0,Metro City,69452.98
37.0,Male,Bachelor's,IT,DevOps Engineer,13.0,Metro City,91909.25
36.0,Female,Master's,IT,IT Support,9.0,Tier-2 City,84344.81
25.0,Female,Bachelor's,HR,HR Manager,0.0,Remote,43257.71
32.0,Female,High School,Finance,Financial Analyst,1.0,Remote,29646.38
46.0,Male,Bachelor's,Sales,Sales Manager,13.0,Tier-2 City,71811.55
21.0,Male,Bachelor's,Marketing,SEO Specialist,1.0,Metro City,46905.78
38.0,Male,Bachelor's,Operations,Operations Manager,5.0,Tier-2 City,51312.94
36.0,Female,Bachelor's,IT,Software Engineer,2.0,Metro City,61876.08
25.0,Female,High School,HR,HR Executive,5.0,Remote,21626.83
36.0,Male,PhD,IT,IT Support,10.0,Metro City,147029.16
32.0,Male,Master's,Sales,Account Manager,6.0,Metro City,83924.17
49.0,Female,Bachelor's,Sales,Sales Executive,21.0,Tier-2 City,69435.67
33.0,Male,PhD,IT,Software Engineer,4.0,Remote,93606.56
46.0,Male,Master's,HR,Recruiter,9.0,Tier-2 City,56596.66
31.0,Female,Master's,Finance,Financial Analyst,10.0,Tier-2 City,77482.38
42.0,Male,Bachelor's,Sales,Sales Manager,12.0,Metro City,78248.37
36.0,Female,PhD,Finance,Accountant,13.0,Remote,111660.31
26.0,Female,PhD,Sales,Sales Executive,6.0,Metro City,92760.71
34.0,Male,Bachelor's,Marketing,SEO Specialist,13.0,Metro City,73376.42
44.0,Female,Master's,IT,IT Support,19.0,Metro City,140831.34
33.0,Male,Bachelor's,IT,IT Support,0.0,Metro City,57854.94
27.0,Female,Bachelor's,IT,DevOps Engineer,4.0,Metro City,68688.35
21.0,Male,Bachelor's,Sales,Account Manager,1.0,Metro City,57276.47
50.0,Male,Bachelor's,Marketing,Marketing Executive,16.0,Remote,73175.1
23.0,Female,Master's,Sales,Sales Manager,0.0,Metro City,70159.29
24.0,Male,Master's,Marketing,SEO Specialist,4.0,Metro City,67357.92
34.0,Female,Bachelor's,Marketing,Marketing Manager,6.0,Remote,61703.37
34.0,Female,High School,Finance,Finance Manager,0.0,Tier-2 City,41470.94
23.0,Male,Bachelor's,Finance,Accountant,3.0,Metro City,57448.19
42.0,Female,Master's,HR,HR Manager,12.0,Metro City,92091.92
32.0,Male,High School,HR,HR Executive,3.0,Metro City,27740.21
36.0,Male,Master's,Sales,Account Manager,10.0,Metro City,95354.03
41.0,Female,Master's,IT,Data Analyst,9.0,Tier-2 City,90538.42
21.0,Female,Master's,IT,DevOps Engineer,0.0,Metro City,72107.63
28.0,Female,Bachelor's,IT,Software Engineer,0.0,Metro City,58253.89
21.0,Male,PhD,IT,Software Engineer,0.0,Metro City,95763.12
23.0,Female,Master's,Sales,Sales Executive,3.0,Metro City,58110.61
57.0,Female,Bachelor's,Marketing,Marketing Manager,15.0,Metro City,96334.57
27.0,Male,Bachelor's,Sales,Account Manager,1.0,Metro City,55379.85
33.0,Female,Bachelor's,Marketing,SEO Specialist,4.0,Metro City,53551.81
39.0,Female,Bachelor's,HR,HR Manager,8.0,Tier-2 City,63208.85
28.0,Female,Master's,IT,DevOps Engineer,6.0,Remote,79476.08
48.0,Female,Bachelor's,Finance,Financial Analyst,14.0,Metro City,88775.9
31.0,Female,PhD,Operations,Operations Manager,4.0,Tier-2 City,81722.66
28.0,Female,Bachelor's,IT,DevOps Engineer,5.0,Tier-2 City,59659.05
37.0,Female,Bachelor's,Finance,Financial Analyst,8.0,Remote,59810.66
24.0,Female,Master's,Finance,Financial Analyst,4.0,Metro City,78674.09
42.0,Female,Bachelor's,Finance,Accountant,16.0,Tier-2 City,69810.18
23.0,Female,High School,Sales,Sales Manager,3.0,Remote,36780.23
43.0,Male,Master's,Marketing,SEO Specialist,13.0,Metro City,98881.21
43.0,Female,Bachelor's,Operations,Logistics Coordinator,16.0,Metro City,77519.33
37.0,Male,Bachelor's,Marketing,Marketing Manager,10.0,Tier-2 City,72025.79
32.0,Male,Bachelor's,Operations,Logistics Coordinator,7.0,Metro City,54586.03
48.0,Female,Master's,Marketing,Marketing Executive,17.0,Remote,92331.07
31.0,Female,Bachelor's,IT,DevOps Engineer,4.0,Metro City,67638.31
35.0,Female,PhD,Marketing,Marketing Manager,7.0,Remote,99988.85
31.0,Female,Master's,Operations,Operations Analyst,11.0,Remote,68649.7
33.0,Female,PhD,Finance,Financial Analyst,0.0,Metro City,80505.14
28.0,Male,Master's,Finance,Financial Analyst,2.0,Tier-2 City,64115.63
27.0,Female,Bachelor's,IT,Software Engineer,0.0,Metro City,57729.18
22.0,Female,Master's,HR,Recruiter,0.0,Remote,40204.99
50.0,Female,Master's,Marketing,Marketing Manager,16.0,Metro City,121924.98
38.0,Female,Master's,Sales,Account Manager,12.0,Remote,88182.39
38.0,Male,High School,Sales,Account Manager,9.0,Tier-2 City,44396.1
40.0,Male,Bachelor's,Marketing,Marketing Manager,14.0,Metro City,87440.2
26.0,Male,High School,Finance,Finance Manager,5.0,Metro City,49702.52
32.0,Male,Bachelor's,Marketing,SEO Specialist,3.0,Metro City,55796.7
39.0,Female,Master's,Sales,Account Manager,10.0,Metro City,97520.29
37.0,Female,Master's,Finance,Finance Manager,5.0,Metro City,88836.37
53.0,Male,Master's,HR,Recruiter,16.0,Metro City,94429.16
31.0,Female,Master's,Finance,Financial Analyst,5.0,Metro City,79986.07
26.0,Male,Bachelor's,Marketing,SEO Specialist,2.0,Metro City,49648.48
31.0,Female,Bachelor's,Operations,Logistics Coordinator,9.0,Tier-2 City,46329.37
37.0,Male,High School,HR,HR Executive,9.0,Remote,35307.46
41.0,Female,Bachelor's,HR,HR Executive,10.0,Metro City,57779.71
38.0,Male,Bachelor's,Marketing,SEO Specialist,14.0,Tier-2 City,62188.45
48.0,Male,PhD,IT,DevOps Engineer,11.0,Tier-2 City,120482.22
44.0,Male,Master's,Sales,Sales Executive,7.0,Tier-2 City,63562.51
48.0,Female,Master's,Sales,Sales Executive,18.0,Metro City,105972.03
54.0,Female,Master's,Finance,Financial Analyst,8.0,Metro City,92376.53
35.0,Male,Bachelor's,HR,HR Executive,7.0,Metro City,53133.45
34.0,Male,Bachelor's,Marketing,SEO Specialist,8.0,Metro City,63098.53
33.0,Female,Master's,Operations,Operations Manager,0.0,Metro City,66403.44
35.0,Female,Bachelor's,HR,HR Executive,3.0,Metro City,44292.43
34.0,Male,Master's,Operations,Operations Manager,4.0,Tier-2 City,68674.15
27.0,Female,Bachelor's,Sales,Account Manager,6.0,Metro City,66295.99
33.0,Female,Bachelor's,Operations,Operations Analyst,3.0,Metro City,50379.7
37.0,Male,Bachelor's,Operations,Logistics Coordinator,7.0,Remote,53305.46
43.0,Male,Bachelor's,Sales,Account Manager,10.0,Metro City,83237.77
50.0,Male,Master's,Sales,Sales Executive,10.0,Metro City,88664.72
45.0,Female,High School,HR,HR Executive,10.0,Tier-2 City,33171.74
37.0,Male,Bachelor's,IT,DevOps Engineer,8.0,Metro City,80019.92
31.0,Male,High School,Operations,Logistics Coordinator,0.0,Metro City,29182.77
21.0,Female,Master's,HR,HR Manager,0.0,Metro City,67738.67
45.0,Female,Master's,IT,Data Analyst,7.0,Metro City,104318.12
32.0,Male,PhD,HR,HR Manager,11.0,Tier-2 City,96017.59
26.0,Male,Master's,HR,HR Executive,3.0,Metro City,58565.78
31.0,Female,Master's,IT,Data Analyst,0.0,Metro City,77044.92
34.0,Female,PhD,IT,Software Engineer,12.0,Metro City,144172.18
44.0,Male,Master's,HR,HR Executive,14.0,Tier-2 City,69616.6
39.0,Male,Bachelor's,Operations,Operations Manager,18.0,Metro City,83975.96
21.0,Male,Bachelor's,IT,DevOps Engineer,1.0,Metro City,58087.22
30.0,Male,High School,Finance,Accountant,1.0,Tier-2 City,34094.71
36.0,Male,PhD,IT,DevOps Engineer,9.0,Remote,114247.85
27.0,Female,High School,IT,IT Support,3.0,Tier-2 City,35370.02
48.0,Female,Bachelor's,Finance,Financial Analyst,17.0,Remote,70184.53
48.0,Male,Master's,Finance,Financial Analyst,13.0,Metro City,109450.1
21.0,Male,PhD,Operations,Operations Analyst,0.0,Remote,62280.73
40.0,Female,Bachelor's,HR,HR Manager,11.0,Remote,65439.42
22.0,Female,Bachelor's,Sales,Sales Manager,2.0,Tier-2 City,49354.37
33.0,Female,Master's,HR,HR Manager,8.0,Metro City,78264.26
25.0,Male,Bachelor's,Marketing,Marketing Executive,0.0,Metro City,39442.01
36.0,Female,Bachelor's,Marketing,SEO Specialist,9.0,Metro City,68243.52
34.0,Female,PhD,Operations,Logistics Coordinator,5.0,Metro City,86524.4
35.0,Female,PhD,HR,HR Executive,8.0,Metro City,95638.59
35.0,Male,Master's,IT,IT Support,3.0,Tier-2 City,65559.25
31.0,Female,High School,IT,Data Analyst,7.0,Tier-2 City,38632.13
40.0,Male,Bachelor's,Sales,Sales Executive,13.0,Tier-2 City,55571.53
31.0,Male,Bachelor's,IT,DevOps Engineer,11.0,Tier-2 City,71279.5
31.0,Male,Master's,IT,IT Support,6.0,Remote,83282.18
38.0,Female,High School,Sales,Sales Manager,12.0,Metro City,57436.47
21.0,Male,High School,IT,Data Analyst,0.0,Remote,31753.19
38.0,Male,Bachelor's,Finance,Finance Manager,7.0,Tier-2 City,73491.6
55.0,Female,Bachelor's,HR,Recruiter,13.0,Tier-2 City,55220.96
28.0,Male,Bachelor's,Finance,Accountant,5.0,Remote,52527.32
26.0,Female,Bachelor's,IT,DevOps Engineer,3.0,Tier-2 City,54488.76
43.0,Male,Bachelor's,Sales,Sales Manager,14.0,Tier-2 City,72000.71
43.0,Male,PhD,Sales,Sales Manager,4.0,Metro City,99482.74
38.0,Female,Bachelor's,IT,Data Analyst,14.0,Tier-2 City,73237.2
21.0,Female,Bachelor's,HR,HR Manager,1.0,Metro City,53971.74
40.0,Female,PhD,HR,Recruiter,12.0,Tier-2 City,80014.18
27.0,Male,High School,IT,Data Analyst,7.0,Tier-2 City,43246.17
26.0,Female,Bachelor's,IT,IT Support,0.0,Metro City,56391.51
32.0,Female,Master's,Sales,Account Manager,3.0,Remote,69599.8
21.0,Male,Master's,Sales,Sales Manager,1.0,Tier-2 City,58301.42
39.0,Female,Master's,Operations,Logistics Coordinator,17.0,Metro City,96444.65
46.0,Female,Bachelor's,HR,HR Executive,18.0,Metro City,72668.82
28.0,Male,Bachelor's,HR,HR Manager,0.0,Tier-2 City,40147.36
42.0,Male,Bachelor's,HR,HR Executive,13.0,Metro City,61661.35
24.0,Female,Bachelor's,Finance,Financial Analyst,0.0,Metro City,54339.03
45.0,Male,Master's,HR,HR Executive,14.0,Tier-2 City,64641.13
43.0,Male,Master's,Finance,Finance Manager,11.0,Tier-2 City,85354.35
31.0,Female,Master's,Operations,Operations Manager,3.0,Tier-2 City,65267.39
37.0,Female,Master's,HR,Recruiter,12.0,Metro City,75826.04
41.0,Male,Bachelor's,Operations,Operations Manager,15.0,Remote,72307.44
35.0,Male,Bachelor's,HR,Recruiter,7.0,Metro City,52752.16
44.0,Female,High School,Marketing,Marketing Manager,11.0,Tier-2 City,50204.68
36.0,Female,Master's,Sales,Sales Manager,3.0,Metro City,70710.94
29.0,Female,Bachelor's,HR,Recruiter,9.0,Tier-2 City,49413.05
31.0,Male,Master's,Operations,Operations Manager,4.0,Metro City,77917.21
37.0,Male,High School,IT,DevOps Engineer,12.0,Tier-2 City,44916.36
26.0,Male,Bachelor's,Operations,Logistics Coordinator,3.0,Tier-2 City,41423.25
50.0,Male,Master's,Marketing,SEO Specialist,17.0,Tier-2 City,88633.06
35.0,Male,Bachelor's,Marketing,Marketing Manager,5.0,Metro City,69978.39
29.0,Male,Bachelor's,HR,Recruiter,1.0,Remote,30226.37
35.0,Male,Master's,HR,HR Executive,7.0,Remote,61755.97
34.0,Male,Master's,Operations,Operations Analyst,2.0,Metro City,63915.12
28.0,Male,Master's,Marketing,SEO Specialist,1.0,Tier-2 City,53265.08
23.0,Male,PhD,HR,HR Manager,0.0,Tier-2 City,67384.79
26.0,Male,PhD,Finance,Financial Analyst,6.0,Metro City,107324.28
32.0,Male,Master's,HR,HR Manager,2.0,Tier-2 City,55746.76
38.0,Female,Bachelor's,Operations,Operations Manager,9.0,Metro City,76676.96
26.0,Male,PhD,HR,Recruiter,6.0,Metro City,80355.4
35.0,Female,Master's,Marketing,SEO Specialist,8.0,Metro City,79588.9
28.0,Male,Bachelor's,Sales,Sales Executive,0.0,Metro City,38725.28
33.0,Female,PhD,Operations,Operations Manager,10.0,Tier-2 City,98071.85
31.0,Female,Bachelor's,IT,IT Support,5.0,Metro City,70588.0
32.0,Male,Master's,Sales,Sales Executive,4.0,Metro City,71054.98
26.0,Female,Bachelor's,Marketing,SEO Specialist,1.0,Tier-2 City,38473.08
38.0,Male,Master's,Operations,Operations Manager,5.0,Tier-2 City,68521.28
23.0,Female,Master's,Marketing,Marketing Manager,0.0,Metro City,70405.73
33.0,Female,Master's,Sales,Sales Manager,13.0,Remote,86070.06
38.0,Male,Bachelor's,Operations,Operations Analyst,5.0,Metro City,47353.88
22.0,Male,Bachelor's,Sales,Sales Manager,2.0,Remote,51409.79
28.0,Male,Bachelor's,Marketing,Marketing Manager,0.0,Metro City,58813.34
21.0,Female,Bachelor's,Operations,Logistics Coordinator,0.0,Metro City,41571.89
23.0,Male,Master's,Finance,Accountant,3.0,Tier-2 City,58432.37
32.0,Male,Bachelor's,Finance,Finance Manager,4.0,Metro City,67530.53
36.0,Male,Bachelor's,IT,IT Support,9.0,Remote,71940.17
35.0,Male,Bachelor's,HR,Recruiter,5.0,Tier-2 City,51760.28
31.0,Male,Bachelor's,HR,HR Manager,2.0,Tier-2 City,45846.25
24.0,Female,Bachelor's,Finance,Financial Analyst,4.0,Tier-2 City,38661.76
46.0,Male,High School,IT,Software Engineer,14.0,Metro City,62019.43
39.0,Female,PhD,Finance,Accountant,4.0,Remote,88083.77
33.0,Male,Master's,Operations,Logistics Coordinator,5.0,Metro City,59587.51
47.0,Female,Bachelor's,IT,DevOps Engineer,7.0,Metro City,72587.33
24.0,Male,Master's,Sales,Sales Executive,0.0,Remote,52791.62
51.0,Female,Master's,Finance,Financial Analyst,17.0,Remote,102812.21
21.0,Female,High School,Marketing,SEO Specialist,0.0,Tier-2 City,25740.36
37.0,Male,Master's,HR,HR Executive,8.0,Tier-2 City,57666.03
36.0,Male,Master's,Operations,Logistics Coordinator,14.0,Tier-2 City,72079.17
28.0,Female,Master's,Finance,Finance Manager,6.0,Metro City,97416.84
39.0,Female,Bachelor's,Marketing,Marketing Manager,14.0,Remote,71012.38
42.0,Male,Master's,Operations,Operations Manager,10.0,Metro City,93729.81
49.0,Female,Bachelor's,IT,Software Engineer,13.0,Remote,78397.78
43.0,Female,Master's,Sales,Account Manager,14.0,Tier-2 City,85760.48
41.0,Female,High School,Finance,Finance Manager,10.0,Remote,50357.47
35.0,Male,Bachelor's,Finance,Financial Analyst,8.0,Tier-2 City,57123.9
52.0,Female,Master's,Sales,Sales Manager,22.0,Tier-2 City,104515.42
31.0,Female,Master's,Marketing,Marketing Executive,3.0,Tier-2 City,57048.29
36.0,Male,PhD,Operations,Logistics Coordinator,13.0,Remote,94403.18
37.0,Male,High School,Sales,Sales Executive,7.0,Metro City,35795.91
27.0,Male,Master's,Marketing,Marketing Manager,3.0,Tier-2 City,65497.46
46.0,Female,PhD,IT,IT Support,13.0,Remote,136898.06
38.0,Male,PhD,HR,Recruiter,6.0,Tier-2 City,69586.55
30.0,Male,High School,Sales,Account Manager,3.0,Metro City,47713.2
41.0,Male,Bachelor's,Marketing,Marketing Executive,8.0,Metro City,63033.25
37.0,Male,PhD,Sales,Account Manager,13.0,Remote,112383.87
34.0,Male,Bachelor's,Operations,Operations Analyst,7.0,Metro City,56268.87
34.0,Female,Bachelor's,Marketing,SEO Specialist,5.0,Metro City,52998.25
30.0,Male,Bachelor's,Operations,Operations Analyst,0.0,Tier-2 City,38007.31
47.0,Male,PhD,HR,HR Manager,15.0,Metro City,119462.55
41.0,Male,Bachelor's,HR,Recruiter,21.0,Tier-2 City,59992.96
36.0,Male,Bachelor's,Marketing,Marketing Manager,15.0,Metro City,90893.63
31.0,Male,Master's,Finance,Accountant,6.0,Metro City,80200.51
41.0,Male,Bachelor's,HR,Recruiter,13.0,Tier-2 City,52053.68
23.0,Male,Master's,HR,HR Executive,1.0,Metro City,60782.47
21.0,Male,Master's,HR,HR Manager,0.0,Tier-2 City,56673.84
36.0,Female,High School,Sales,Sales Executive,14.0,Tier-2 City,41462.12
39.0,Female,Master's,HR,Recruiter,7.0,Tier-2 City,50946.35
43.0,Female,PhD,Marketing,Marketing Executive,5.0,Metro City,89203.85
22.0,Female,Bachelor's,Finance,Financial Analyst,0.0,Tier-2 City,35119.71
21.0,Male,High School,IT,DevOps Engineer,1.0,Tier-2 City,31429.72
46.0,Female,Master's,Marketing,Marketing Manager,13.0,Metro City,108862.29
38.0,Male,Bachelor's,HR,HR Executive,14.0,Tier-2 City,51921.26
44.0,Male,PhD,Finance,Finance Manager,14.0,Metro City,150615.45
21.0,Male,Master's,Marketing,Marketing Manager,1.0,Metro City,69862.12
41.0,Male,Master's,Finance,Finance Manager,8.0,Remote,83076.5
32.0,Male,Bachelor's,Marketing,SEO Specialist,6.0,Metro City,55516.65
37.0,Male,Bachelor's,Operations,Logistics Coordinator,13.0,Metro City,66025.25
32.0,Male,Master's,HR,Recruiter,6.0,Tier-2 City,55552.92
49.0,Female,High School,IT,IT Support,15.0,Tier-2 City,53252.13
26.0,Male,Master's,Marketing,Marketing Manager,6.0,Remote,70753.14
40.0,Female,PhD,HR,HR Executive,10.0,Metro City,100492.74
25.0,Male,High School,Sales,Sales Executive,3.0,Metro City,29654.86
32.0,Male,Bachelor's,Operations,Operations Manager,11.0,Tier-2 City,63349.22
33.0,Male,High School,Finance,Financial Analyst,1.0,Metro City,34999.15
55.0,Male,Bachelor's,IT,Data Analyst,23.0,Metro City,120283.87
21.0,Female,High School,HR,Recruiter,1.0,Metro City,27462.19
34.0,Male,Bachelor's,Marketing,Marketing Executive,12.0,Tier-2 City,57707.82
31.0,Male,Bachelor's,HR,HR Executive,9.0,Metro City,59678.7
24.0,Female,Bachelor's,Finance,Accountant,0.0,Tier-2 City,41044.42
41.0,Female,High School,IT,Data Analyst,11.0,Metro City,52968.45
,Male,Bachelor's,Marketing,Marketing Executive,0.0,Tier-2 City,34025.04
43.0,Female,Bachelor's,IT,DevOps Engineer,22.0,Metro City,114379.55
39.0,Female,PhD,Sales,Sales Manager,11.0,Metro City,115138.02
21.0,Female,Bachelor's,HR,HR Executive,0.0,Tier-2 City,27667.9
21.0,Female,PhD,IT,Data Analyst,1.0,Metro City,106369.15
29.0,Male,Master's,Finance,Finance Manager,9.0,Tier-2 City,91615.67
40.0,Female,Master's,Sales,Sales Manager,12.0,Tier-2 City,83507.2
26.0,Male,Master's,HR,Recruiter,5.0,Tier-2 City,43851.06
32.0,Male,Master's,Sales,Sales Executive,10.0,Tier-2 City,63308.09
31.0,Female,Bachelor's,IT,IT Support,4.0,Metro City,60327.93
39.0,Female,Bachelor's,IT,Software Engineer,12.0,Metro City,91603.33
37.0,Female,Bachelor's,Marketing,Marketing Manager,10.0,Tier-2 City,65426.04
39.0,Female,Bachelor's,HR,HR Executive,15.0,Metro City,66163.1
46.0,Female,Bachelor's,Sales,Sales Executive,11.0,Metro City,58949.88
52.0,Female,Bachelor's,Marketing,Marketing Executive,17.0,Remote,62662.88
23.0,Female,High School,HR,HR Manager,2.0,Remote,32753.46
36.0,Male,Bachelor's,IT,IT Support,8.0,Metro City,73972.67
46.0,Female,High School,IT,DevOps Engineer,18.0,Tier-2 City,52183.77
42.0,Male,High School,Sales,Sales Manager,15.0,Remote,60548.84
24.0,Male,Master's,HR,HR Executive,4.0,Metro City,60003.88
21.0,Male,PhD,HR,HR Manager,1.0,Remote,73203.36
33.0,Female,Bachelor's,IT,DevOps Engineer,5.0,Remote,59890.91
43.0,Male,Bachelor's,Finance,Financial Analyst,15.0,Metro City,85928.72
27.0,Female,Master's,Operations,Operations Analyst,2.0,Metro City,59683.83
25.0,Female,High School,Operations,Operations Manager,5.0,Metro City,38605.46
47.0,Female,Bachelor's,Finance,Accountant,14.0,Remote,71209.24
41.0,Male,Master's,Finance,Accountant,10.0,Tier-2 City,70525.65
40.0,Male,High School,Sales,Sales Executive,8.0,Metro City,38477.32
21.0,Female,Master's,HR,Recruiter,0.0,Metro City,46520.26
30.0,Male,Bachelor's,IT,IT Support,3.0,Remote,50922.55
39.0,Male,Master's,Sales,Sales Executive,14.0,Remote,76368.29
46.0,Female,Bachelor's,Finance,Accountant,14.0,Metro City,86585.0
37.0,Female,Master's,Finance,Finance Manager,7.0,Metro City,98495.54
31.0,Female,PhD,Finance,Financial Analyst,6.0,Tier-2 City,93399.1
26.0,Female,Bachelor's,HR,HR Manager,6.0,Metro City,60743.68
22.0,Male,Master's,Finance,Financial Analyst,0.0,Metro City,70887.41
47.0,Female,Bachelor's,HR,Recruiter,9.0,Tier-2 City,46415.97
40.0,Female,Bachelor's,HR,HR Manager,5.0,Metro City,62857.64
33.0,Female,PhD,Sales,Sales Manager,9.0,Tier-2 City,99713.84
52.0,Male,Bachelor's,Marketing,Marketing Executive,16.0,Metro City,77055.22
21.0,Female,Bachelor's,Operations,Operations Manager,0.0,Metro City,62108.21
30.0,Female,Master's,IT,IT Support,4.0,Tier-2 City,68532.42
34.0,Female,Bachelor's,Finance,Accountant,3.0,Metro City,56594.66
30.0,Female,Master's,Sales,Account Manager,3.0,Metro City,82258.74
32.0,Male,Bachelor's,IT,Software Engineer,4.0,Tier-2 City,54019.26
28.0,Male,Bachelor's,HR,Recruiter,1.0,Metro City,43349.0
26.0,Female,Bachelor's,Sales,Sales Manager,5.0,Remote,57990.6
45.0,Male,High School,Sales,Account Manager,17.0,Tier-2 City,51076.68
31.0,Female,High School,Marketing,Marketing Executive,6.0,Tier-2 City,28092.4
34.0,Male,Bachelor's,Marketing,SEO Specialist,13.0,Metro City,76081.44
35.0,Male,Bachelor's,Finance,Finance Manager,4.0,Metro City,67567.56
27.0,Female,Bachelor's,IT,IT Support,0.0,Tier-2 City,48251.88
26.0,Male,Bachelor's,Operations,Logistics Coordinator,6.0,Tier-2 City,43883.68
31.0,Male,Bachelor's,HR,HR Manager,7.0,Metro City,61219.7
30.0,Female,Bachelor's,Marketing,Marketing Manager,5.0,Metro City,62375.52
30.0,Female,Bachelor's,Sales,Account Manager,2.0,Metro City,60126.03
30.0,Male,High School,HR,HR Executive,10.0,Tier-2 City,25834.14
32.0,Female,Master's,Marketing,SEO Specialist,6.0,Metro City,76542.46
25.0,Female,High School,IT,DevOps Engineer,5.0,Remote,37084.61
21.0,Male,Bachelor's,Sales,Account Manager,1.0,Tier-2 City,52377.86
40.0,Male,Master's,Marketing,Marketing Executive,16.0,Tier-2 City,82965.85
21.0,Male,PhD,HR,HR Manager,1.0,Metro City,80030.69
24.0,Female,Master's,IT,Data Analyst,0.0,Metro City,76070.27
34.0,Male,Master's,IT,DevOps Engineer,6.0,Remote,76728.99
27.0,Male,Bachelor's,Marketing,Marketing Executive,4.0,Tier-2 City,40700.65
41.0,Male,Master's,HR,HR Executive,10.0,Remote,65575.1
25.0,Female,Bachelor's,Operations,Operations Analyst,5.0,Remote,45324.2
23.0,Male,Bachelor's,Sales,Sales Executive,0.0,Tier-2 City,29318.85
45.0,Female,High School,HR,Recruiter,13.0,Tier-2 City,36014.93
39.0,Female,Bachelor's,Sales,Account Manager,9.0,Metro City,79154.99
42.0,Male,PhD,HR,Recruiter,7.0,Tier-2 City,70283.89
33.0,Female,Bachelor's,HR,HR Executive,4.0,Tier-2 City,39383.59
38.0,Male,Bachelor's,Marketing,Marketing Executive,15.0,Metro City,81044.01
32.0,Female,Master's,HR,HR Manager,9.0,Metro City,82676.55
35.0,Female,High School,Sales,Account Manager,4.0,Metro City,45962.07
,Male,Bachelor's,HR,HR Executive,5.0,Tier-2 City,38552.99
26.0,Female,Bachelor's,Sales,Sales Executive,5.0,Remote,40030.81
47.0,Male,PhD,Marketing,Marketing Executive,8.0,Remote,93512.09
28.0,Male,Bachelor's,Marketing,SEO Specialist,2.0,Metro City,52991.13
21.0,Female,High School,HR,HR Executive,1.0,Tier-2 City,19091.01
34.0,Male,Bachelor's,Marketing,SEO Specialist,14.0,Metro City,69275.1
34.0,Male,Bachelor's,Operations,Logistics Coordinator,6.0,Remote,47001.96
27.0,Female,Master's,IT,Software Engineer,0.0,Metro City,70732.41
35.0,Male,Master's,Sales,Account Manager,6.0,Tier-2 City,71306.94
39.0,Male,Master's,Operations,Operations Analyst,14.0,Metro City,86827.4
40.0,Male,Master's,Finance,Financial Analyst,10.0,Metro City,97499.92
21.0,Male,Master's,Marketing,Marketing Executive,0.0,Metro City,53586.69
35.0,Female,Bachelor's,Sales,Account Manager,6.0,Remote,64125.36
43.0,Female,PhD,Operations,Operations Analyst,15.0,Tier-2 City,96849.94
25.0,Female,Bachelor's,Marketing,Marketing Manager,0.0,Metro City,59018.9
45.0,Male,Bachelor's,Operations,Operations Manager,9.0,Metro City,68644.27
24.0,Female,Bachelor's,Finance,Finance Manager,4.0,Tier-2 City,60425.11
27.0,Male,High School,Sales,Sales Manager,0.0,Metro City,34218.78
25.0,Male,Bachelor's,HR,HR Manager,1.0,Tier-2 City,40731.2
37.0,Male,Bachelor's,Sales,Sales Executive,6.0,Remote,49061.66
37.0,Male,Master's,HR,HR Manager,7.0,Remote,71410.47
30.0,Male,Bachelor's,Sales,Sales Executive,0.0,Metro City,43520.73
45.0,Male,Master's,HR,HR Executive,11.0,Remote,65942.87
41.0,Female,High School,HR,HR Manager,9.0,Metro City,48909.81
49.0,Female,Bachelor's,Finance,Financial Analyst,14.0,Remote,60235.88
32.0,Female,High School,IT,Data Analyst,11.0,Tier-2 City,50594.48
30.0,Female,PhD,Sales,Sales Manager,3.0,Tier-2 City,83165.67
33.0,Female,High School,Operations,Logistics Coordinator,9.0,Metro City,36977.92
34.0,Female,PhD,IT,IT Support,1.0,Tier-2 City,92361.86
48.0,Male,High School,HR,HR Executive,16.0,Remote,37645.94
34.0,Male,Bachelor's,Finance,Finance Manager,8.0,Remote,69104.37
39.0,Male,Bachelor's,Sales,Sales Executive,6.0,Metro City,58938.58
33.0,Male,PhD,Finance,Accountant,10.0,Remote,107088.29
32.0,Male,Master's,HR,Recruiter,3.0,Metro City,61177.81
32.0,Male,Bachelor's,Marketing,SEO Specialist,9.0,Tier-2 City,52797.05
52.0,Male,Master's,Finance,Finance Manager,14.0,Metro City,117777.04
36.0,Female,Bachelor's,IT,Software Engineer,4.0,Tier-2 City,59486.63
28.0,Male,Bachelor's,Marketing,SEO Specialist,7.0,Tier-2 City,50859.01
27.0,Female,High School,Sales,Account Manager,5.0,Tier-2 City,40860.48
36.0,Female,Master's,IT,DevOps Engineer,12.0,Tier-2 City,96414.61
38.0,Female,High School,Marketing,Marketing Executive,10.0,Remote,37255.34
38.0,Female,Master's,Sales,Account Manager,13.0,Tier-2 City,79763.81
31.0,Female,Master's,Operations,Logistics Coordinator,11.0,Tier-2 City,65417.27
29.0,Female,Bachelor's,Sales,Sales Manager,8.0,Metro City,75490.34
30.0,Male,Bachelor's,Operations,Logistics Coordinator,0.0,Metro City,40269.2
42.0,Female,Bachelor's,Finance,Accountant,13.0,Metro City,84391.15
37.0,Female,PhD,Operations,Operations Analyst,9.0,Tier-2 City,80529.41
49.0,Female,Master's,Finance,Financial Analyst,17.0,Metro City,119797.63
36.0,Male,High School,IT,IT Support,11.0,Remote,43205.95
47.0,Male,High School,HR,HR Executive,15.0,Remote,46809.06
41.0,Male,Master's,Sales,Sales Manager,6.0,Metro City,84046.05
21.0,Male,High School,Finance,Financial Analyst,0.0,Tier-2 City,32063.78
39.0,Female,Master's,Sales,Sales Executive,5.0,Remote,67427.96
39.0,Male,Bachelor's,HR,HR Manager,13.0,Tier-2 City,67651.82
46.0,Male,Master's,IT,DevOps Engineer,10.0,Metro City,107640.98
32.0,Female,Bachelor's,HR,HR Manager,10.0,Metro City,68892.71
55.0,Male,Master's,Finance,Financial Analyst,19.0,Metro City,129061.86
46.0,Male,PhD,Operations,Operations Analyst,12.0,Remote,92278.27
38.0,Female,PhD,Operations,Operations Manager,11.0,Tier-2 City,95855.35
36.0,Male,Bachelor's,Sales,Account Manager,6.0,Metro City,69441.72
43.0,Female,Bachelor's,Finance,Finance Manager,11.0,Metro City,86455.37
34.0,Female,Bachelor's,Operations,Operations Manager,10.0,Metro City,71583.49
28.0,Female,Bachelor's,Sales,Sales Executive,8.0,Metro City,57395.96
35.0,Male,Master's,HR,Recruiter,10.0,Remote,63177.57
31.0,Male,Bachelor's,Sales,Sales Executive,7.0,Metro City,54372.41
21.0,Male,Bachelor's,Finance,Accountant,1.0,Tier-2 City,43348.91
30.0,Male,Master's,IT,IT Support,10.0,Metro City,104276.24
40.0,Female,Bachelor's,Operations,Operations Manager,14.0,Metro City,75081.71
21.0,Male,Bachelor's,Operations,Logistics Coordinator,0.0,Metro City,42371.84
30.0,Female,Bachelor's,Operations,Operations Analyst,5.0,Tier-2 City,32945.27
39.0,Female,Bachelor's,Sales,Sales Manager,12.0,Remote,71265.66
38.0,Male,Bachelor's,Operations,Logistics Coordinator,10.0,Metro City,63950.48
24.0,Male,Bachelor's,Operations,Operations Manager,2.0,Tier-2 City,53798.21
31.0,Male,PhD,Sales,Sales Executive,7.0,Tier-2 City,73541.35
28.0,Female,PhD,Marketing,Marketing Executive,8.0,Metro City,102450.43
33.0,Male,Master's,Operations,Operations Manager,8.0,Tier-2 City,73836.12
27.0,Female,Master's,Finance,Financial Analyst,7.0,Metro City,83485.63
40.0,Female,Master's,Sales,Sales Executive,10.0,Metro City,79595.84
23.0,Male,Master's,Marketing,Marketing Executive,3.0,Tier-2 City,51797.81
27.0,Male,Master's,Sales,Account Manager,5.0,Tier-2 City,75690.9
46.0,Male,Master's,Sales,Sales Executive,16.0,Remote,79426.76
37.0,Male,Bachelor's,Marketing,Marketing Manager,8.0,Tier-2 City,70419.43
25.0,Female,Master's,IT,IT Support,5.0,Metro City,87585.77
35.0,Male,High School,Sales,Sales Manager,15.0,Remote,54949.44
39.0,Male,Master's,Marketing,Marketing Manager,5.0,Tier-2 City,71153.81
37.0,Male,High School,Sales,Sales Manager,4.0,Remote,46164.29
32.0,Female,Master's,HR,HR Manager,6.0,Metro City,79493.9
44.0,Male,Bachelor's,Sales,Sales Manager,11.0,Tier-2 City,63712.87
55.0,Female,Bachelor's,Operations,Operations Analyst,24.0,Metro City,93313.56
40.0,Male,Master's,IT,DevOps Engineer,10.0,Remote,94769.45
30.0,Female,Bachelor's,Sales,Sales Executive,10.0,Remote,54730.78
45.0,Male,PhD,Operations,Operations Analyst,15.0,Metro City,125235.03
42.0,Female,Master's,Sales,Account Manager,10.0,Metro City,103420.62
21.0,Male,PhD,IT,DevOps Engineer,0.0,Tier-2 City,75205.4
48.0,Male,Master's,IT,Software Engineer,14.0,Metro City,128745.42
36.0,Male,Bachelor's,Marketing,Marketing Manager,7.0,Remote,66385.97
48.0,Female,Master's,Finance,Accountant,3.0,Metro City,80214.37
34.0,Female,PhD,HR,HR Manager,8.0,Tier-2 City,88770.82
37.0,Male,PhD,HR,HR Executive,16.0,Metro City,119355.43
44.0,Male,Master's,Sales,Account Manager,9.0,Metro City,91530.75
39.0,Female,Bachelor's,Marketing,Marketing Executive,5.0,Metro City,59474.03
43.0,Female,Bachelor's,Sales,Sales Executive,13.0,Metro City,57673.98
21.0,Male,Bachelor's,Finance,Financial Analyst,0.0,Metro City,45285.49
26.0,Male,High School,IT,Software Engineer,6.0,Remote,40177.28
52.0,Male,Bachelor's,Finance,Accountant,15.0,Tier-2 City,70912.63
37.0,Female,Master's,Marketing,Marketing Manager,14.0,Tier-2 City,95767.1
32.0,Male,Bachelor's,HR,HR Executive,9.0,Tier-2 City,43094.67
40.0,Male,Master's,IT,DevOps Engineer,19.0,Remote,119554.23
40.0,Male,Master's,Sales,Account Manager,4.0,Metro City,77537.61
50.0,Male,Bachelor's,IT,DevOps Engineer,15.0,Tier-2 City,76523.42
39.0,Male,PhD,Operations,Operations Analyst,15.0,Remote,100851.61
22.0,Male,Bachelor's,Finance,Finance Manager,0.0,Metro City,64660.64
39.0,Male,Bachelor's,HR,HR Manager,,Metro City,54623.13
36.0,Male,Bachelor's,Finance,Financial Analyst,8.0,Metro City,68243.75
42.0,Male,Bachelor's,Operations,Operations Analyst,14.0,Metro City,70286.78
21.0,Female,Master's,Marketing,Marketing Executive,0.0,Metro City,57358.77
35.0,Female,PhD,Marketing,SEO Specialist,15.0,Tier-2 City,97868.1
35.0,Female,Bachelor's,Operations,Operations Analyst,7.0,Tier-2 City,41989.43
21.0,Male,PhD,Operations,Operations Analyst,1.0,Tier-2 City,53442.68
28.0,Male,PhD,Marketing,Marketing Manager,8.0,Metro City,116412.95
29.0,Female,Master's,Marketing,SEO Specialist,9.0,Remote,65071.41
48.0,Male,Master's,HR,HR Executive,20.0,Tier-2 City,79069.14
30.0,Female,Master's,Operations,Operations Manager,8.0,Remote,77802.78
38.0,Male,High School,Operations,Logistics Coordinator,7.0,Tier-2 City,23727.36
45.0,Male,Bachelor's,IT,Software Engineer,14.0,Remote,76691.31
39.0,Male,Master's,Finance,Accountant,6.0,Tier-2 City,69681.75
34.0,Female,Bachelor's,Finance,Accountant,1.0,Metro City,50754.88
27.0,Female,Bachelor's,IT,DevOps Engineer,7.0,Tier-2 City,61095.39
26.0,Female,Bachelor's,Marketing,SEO Specialist,5.0,Metro City,54714.91
36.0,Female,Bachelor's,HR,HR Executive,8.0,Tier-2 City,52552.9
36.0,Female,Bachelor's,IT,Software Engineer,11.0,Metro City,85871.58
35.0,Male,Master's,Sales,Sales Executive,10.0,Tier-2 City,72979.93
32.0,Female,Bachelor's,HR,HR Manager,12.0,Tier-2 City,65626.36
33.0,Male,High School,Marketing,Marketing Executive,5.0,Metro City,34220.17
40.0,Female,Bachelor's,IT,Software Engineer,13.0,Metro City,90037.57
35.0,Female,Bachelor's,Sales,Sales Manager,5.0,Metro City,63413.61
49.0,Male,Bachelor's,Operations,Operations Manager,11.0,Metro City,75784.41
37.0,Female,Bachelor's,Operations,Operations Manager,11.0,Metro City,70793.7
32.0,Male,Bachelor's,Operations,Logistics Coordinator,12.0,Remote,50686.93
31.0,Female,Bachelor's,Finance,Financial Analyst,1.0,Metro City,53072.35
41.0,Female,High School,Operations,Operations Analyst,14.0,Remote,41169.42
37.0,Male,Bachelor's,Finance,Accountant,7.0,Tier-2 City,54683.6
29.0,Female,Bachelor's,IT,DevOps Engineer,1.0,Tier-2 City,52924.58
34.0,Female,Bachelor's,HR,HR Manager,12.0,Remote,68652.47
32.0,Male,PhD,HR,HR Executive,7.0,Tier-2 City,71880.35
29.0,Female,PhD,Operations,Operations Analyst,5.0,Metro City,79918.67
39.0,Female,Bachelor's,Operations,Operations Analyst,10.0,Metro City,61415.98
25.0,Female,Bachelor's,HR,HR Executive,1.0,Remote,38810.69
47.0,Female,PhD,Sales,Account Manager,14.0,Metro City,130412.16
35.0,Male,Bachelor's,IT,Software Engineer,8.0,Tier-2 City,70054.32
38.0,Male,Bachelor's,Marketing,Marketing Manager,0.0,Tier-2 City,54686.86
30.0,Female,Master's,Operations,Operations Manager,0.0,Tier-2 City,59319.11
23.0,Male,Bachelor's,IT,IT Support,0.0,Tier-2 City,46920.77
43.0,Female,High School,Sales,Account Manager,22.0,Metro City,74193.07
41.0,Female,Bachelor's,IT,IT Support,9.0,Tier-2 City,59657.72
46.0,Male,Bachelor's,IT,IT Support,19.0,Tier-2 City,87144.31
28.0,Female,PhD,HR,Recruiter,3.0,Metro City,77793.12
21.0,Male,Master's,HR,HR Manager,0.0,Remote,55342.02
47.0,Female,Bachelor's,Sales,Account Manager,19.0,Metro City,97536.4
40.0,Male,Bachelor's,IT,DevOps Engineer,13.0,Metro City,90469.83
25.0,Male,Master's,Marketing,SEO Specialist,0.0,Metro City,55860.92
35.0,Female,Bachelor's,IT,Software Engineer,10.0,Remote,71806.64
44.0,Male,Master's,Marketing,Marketing Manager,17.0,Remote,105970.68
30.0,Male,Master's,Sales,Sales Manager,6.0,Remote,68943.05
27.0,Male,Bachelor's,IT,DevOps Engineer,5.0,Metro City,73364.06
27.0,Female,Master's,Operations,Logistics Coordinator,2.0,Tier-2 City,48966.31
23.0,Male,Master's,Marketing,Marketing Executive,0.0,Remote,42765.6
31.0,Female,High School,Sales,Sales Manager,0.0,Metro City,38465.79
34.0,Female,High School,Sales,Account Manager,7.0,Tier-2 City,40579.34
34.0,Female,High School,Sales,Sales Executive,1.0,Metro City,31803.34
33.0,Male,Bachelor's,Marketing,SEO Specialist,11.0,Tier-2 City,55383.89
53.0,Male,Master's,HR,Recruiter,20.0,Remote,88111.88
24.0,Male,Bachelor's,Marketing,Marketing Executive,4.0,Metro City,51565.19
42.0,Female,PhD,IT,Software Engineer,4.0,Tier-2 City,90986.66
31.0,Male,Master's,Finance,Financial Analyst,5.0,Metro City,78441.89
37.0,Male,Bachelor's,HR,Recruiter,7.0,Metro City,53515.51
31.0,Male,Bachelor's,HR,HR Executive,0.0,Metro City,41829.67
36.0,Female,Master's,HR,HR Manager,12.0,Tier-2 City,71566.57
31.0,Male,Master's,Finance,Finance Manager,11.0,Tier-2 City,90429.21
23.0,Female,Bachelor's,Marketing,SEO Specialist,0.0,Metro City,38175.15
43.0,Male,PhD,Operations,Operations Analyst,4.0,Metro City,87995.33
34.0,Male,Master's,IT,DevOps Engineer,2.0,Metro City,83363.97
42.0,Female,Master's,Sales,Sales Executive,9.0,Tier-2 City,68214.49
46.0,Male,Bachelor's,Finance,Finance Manager,15.0,Tier-2 City,80331.05
27.0,Male,High School,Operations,Operations Manager,3.0,Metro City,41129.64
25.0,Male,PhD,IT,DevOps Engineer,5.0,Metro City,119756.52
45.0,Male,High School,Marketing,Marketing Executive,12.0,Remote,40889.07
36.0,Male,PhD,Sales,Sales Executive,12.0,Tier-2 City,93160.82
38.0,Male,Bachelor's,IT,DevOps Engineer,11.0,Tier-2 City,68932.45
21.0,Female,High School,Finance,Financial Analyst,1.0,Tier-2 City,31347.18
37.0,Male,High School,Finance,Financial Analyst,16.0,Tier-2 City,42979.1
29.0,Male,Bachelor's,Operations,Operations Manager,8.0,Tier-2 City,54363.93
24.0,Female,Master's,Sales,Sales Manager,4.0,Tier-2 City,63397.95
32.0,Male,Bachelor's,Operations,Operations Manager,6.0,Tier-2 City,58887.49
28.0,Male,Bachelor's,IT,IT Support,0.0,Metro City,61893.8
33.0,Female,Master's,IT,DevOps Engineer,5.0,Tier-2 City,73634.0
44.0,Female,PhD,Operations,Operations Analyst,15.0,Metro City,114811.33
36.0,Male,Bachelor's,Finance,Finance Manager,5.0,Metro City,73342.11
23.0,Male,Bachelor's,Sales,Account Manager,3.0,Metro City,61869.72
34.0,Female,Master's,Sales,Account Manager,4.0,Tier-2 City,64716.82
37.0,Female,Master's,Operations,Operations Analyst,9.0,Remote,65506.09
38.0,Male,Bachelor's,Finance,Accountant,14.0,Remote,60965.36
32.0,Male,Master's,Marketing,SEO Specialist,12.0,Remote,76963.09
26.0,Male,PhD,Finance,Accountant,0.0,Metro City,88893.15
42.0,Male,Master's,Finance,Accountant,11.0,Metro City,106485.7
46.0,Female,Master's,IT,Software Engineer,11.0,Tier-2 City,87929.18
31.0,Male,High School,Finance,Financial Analyst,7.0,Metro City,35939.89
33.0,Female,Master's,Operations,Operations Manager,11.0,Tier-2 City,77231.79
41.0,Male,Bachelor's,Operations,Operations Analyst,11.0,Tier-2 City,48458.11
26.0,Female,High School,HR,HR Manager,4.0,Remote,33603.25
56.0,Male,Bachelor's,HR,HR Manager,16.0,Metro City,84551.6
52.0,Male,Bachelor's,HR,HR Manager,22.0,Tier-2 City,78538.46
21.0,Male,Bachelor's,Operations,Operations Manager,0.0,Metro City,51237.08
34.0,Female,Bachelor's,Sales,Sales Manager,13.0,Metro City,78761.17
51.0,Male,Bachelor's,Sales,Sales Manager,16.0,Tier-2 City,74949.24
41.0,Male,Bachelor's,Sales,Sales Executive,14.0,Metro City,69484.98
36.0,Female,Master's,Marketing,SEO Specialist,3.0,Tier-2 City,55622.2
30.0,Female,Bachelor's,HR,HR Executive,8.0,Tier-2 City,43334.87
43.0,Female,Bachelor's,Sales,Sales Executive,12.0,Metro City,68111.91
32.0,Female,Master's,Sales,Account Manager,0.0,Metro City,70446.57
39.0,Male,High School,Finance,Finance Manager,11.0,Metro City,56903.72
42.0,Male,Master's,Sales,Account Manager,5.0,Remote,71492.69
33.0,Male,Master's,Marketing,SEO Specialist,12.0,Tier-2 City,75626.45
41.0,Male,Master's,Operations,Operations Manager,16.0,Tier-2 City,89950.45
41.0,Female,Bachelor's,Finance,Financial Analyst,4.0,Tier-2 City,46937.37
48.0,Female,Bachelor's,Operations,Operations Manager,13.0,Metro City,76175.82
39.0,Female,Master's,Operations,Operations Analyst,12.0,Metro City,84204.77
45.0,Male,Master's,IT,Software Engineer,14.0,Tier-2 City,104138.42
33.0,Female,Bachelor's,IT,IT Support,1.0,Metro City,70304.86
47.0,Male,Bachelor's,Sales,Account Manager,12.0,Metro City,76401.77
39.0,Male,Bachelor's,IT,DevOps Engineer,9.0,Metro City,82651.5
39.0,Male,High School,Operations,Operations Manager,5.0,Metro City,46409.47
50.0,Male,Master's,Finance,Financial Analyst,13.0,Tier-2 City,80506.3
27.0,Male,Bachelor's,Operations,Operations Analyst,0.0,Remote,35244.63
35.0,Female,Bachelor's,Marketing,Marketing Executive,6.0,Metro City,61523.76
37.0,Male,High School,Finance,Accountant,4.0,Tier-2 City,30123.13
22.0,Male,PhD,Finance,Financial Analyst,2.0,Tier-2 City,67162.75
29.0,Female,Master's,Marketing,SEO Specialist,6.0,Metro City,76061.42
32.0,Female,Bachelor's,Sales,Account Manager,6.0,Metro City,66668.28
33.0,Male,Master's,IT,Data Analyst,6.0,Metro City,94821.31
30.0,Female,Bachelor's,Marketing,Marketing Executive,2.0,Metro City,47270.31
28.0,Male,High School,Finance,Financial Analyst,2.0,Remote,28053.71
37.0,Male,Bachelor's,Marketing,Marketing Executive,11.0,Metro City,66524.74
42.0,Male,Bachelor's,Sales,Sales Manager,13.0,Tier-2 City,64653.99
42.0,Male,Master's,Operations,Operations Manager,13.0,Metro City,102054.31
38.0,Female,Master's,Operations,Operations Analyst,1.0,Tier-2 City,48585.24
56.0,Male,PhD,Operations,Operations Manager,22.0,Metro City,157207.51
52.0,Female,Master's,Marketing,SEO Specialist,20.0,Metro City,112259.7
28.0,Male,Bachelor's,IT,IT Support,4.0,Metro City,69094.15
22.0,Female,Master's,Sales,Sales Manager,2.0,Remote,63240.31
52.0,Female,Bachelor's,Marketing,Marketing Manager,17.0,Remote,82780.85
28.0,Female,Master's,Sales,Account Manager,0.0,Remote,57078.75
47.0,Female,Bachelor's,Finance,Finance Manager,9.0,Tier-2 City,71937.4
49.0,Female,Master's,Marketing,Marketing Executive,17.0,Remote,93297.38
44.0,Male,Master's,Sales,Sales Manager,11.0,Metro City,105737.89
43.0,Female,Bachelor's,HR,HR Manager,6.0,Tier-2 City,58866.81
32.0,Female,Master's,IT,IT Support,9.0,Remote,86732.89
32.0,Male,Master's,Operations,Operations Analyst,6.0,Tier-2 City,52039.52
36.0,Male,Master's,IT,Software Engineer,13.0,Metro City,120485.59
24.0,Female,Bachelor's,IT,Software Engineer,2.0,Tier-2 City,47413.71
45.0,Female,Master's,HR,HR Manager,12.0,Metro City,92356.04
39.0,Male,Bachelor's,Operations,Logistics Coordinator,12.0,Metro City,68511.18
64.0,Female,Bachelor's,Marketing,Marketing Manager,27.0,Metro City,117314.13
35.0,Female,High School,Sales,Account Manager,7.0,Tier-2 City,38484.17
22.0,Female,PhD,Operations,Operations Manager,0.0,Tier-2 City,64041.02
47.0,Female,PhD,Sales,Account Manager,22.0,Metro City,165404.73
31.0,Male,Bachelor's,Operations,Logistics Coordinator,5.0,Tier-2 City,37585.26
21.0,Female,Bachelor's,Marketing,Marketing Executive,0.0,Tier-2 City,37659.84
22.0,Female,Bachelor's,Operations,Logistics Coordinator,2.0,Remote,32120.05
31.0,Male,Master's,IT,DevOps Engineer,8.0,Metro City,101583.36
36.0,Male,High School,Operations,Logistics Coordinator,9.0,Tier-2 City,30733.68
40.0,Male,Bachelor's,Sales,Account Manager,12.0,Metro City,76414.06
48.0,Male,Bachelor's,HR,HR Manager,8.0,Tier-2 City,60199.23
28.0,Female,Master's,IT,Software Engineer,2.0,Tier-2 City,69610.79
26.0,Female,Bachelor's,Operations,Operations Manager,6.0,Tier-2 City,58773.47
40.0,Female,Bachelor's,Marketing,SEO Specialist,12.0,Tier-2 City,57617.59
21.0,Female,Bachelor's,Finance,Accountant,0.0,Metro City,44988.65
24.0,Female,Bachelor's,IT,DevOps Engineer,4.0,Metro City,71277.7
50.0,Male,Bachelor's,IT,IT Support,19.0,Tier-2 City,87265.35
39.0,Male,Bachelor's,Finance,Finance Manager,12.0,Remote,74374.5
23.0,Female,PhD,Sales,Account Manager,1.0,Metro City,89299.8
30.0,Female,Bachelor's,HR,Recruiter,0.0,Tier-2 City,30686.68
45.0,Male,High School,IT,DevOps Engineer,9.0,Remote,45324.23
32.0,Female,Bachelor's,Operations,Logistics Coordinator,8.0,Metro City,58200.13
35.0,Male,Master's,Sales,Account Manager,2.0,Tier-2 City,62583.16
37.0,Male,High School,Sales,Account Manager,10.0,Tier-2 City,47091.27
36.0,Female,PhD,Sales,Sales Executive,9.0,Metro City,98737.16
,Male,PhD,Finance,Financial Analyst,23.0,Metro City,171747.16
51.0,Male,Master's,Finance,Accountant,13.0,Remote,90182.7
29.0,Male,Master's,Finance,Financial Analyst,0.0,Metro City,62026.5
34.0,Female,Bachelor's,Operations,Logistics Coordinator,6.0,Metro City,58968.14
39.0,Male,Bachelor's,Marketing,Marketing Manager,10.0,Remote,65422.91
36.0,Male,Bachelor's,Sales,Sales Manager,,Tier-2 City,54359.1
23.0,Female,Bachelor's,Finance,Accountant,0.0,Remote,41769.64
39.0,Male,Bachelor's,Operations,Operations Manager,9.0,Metro City,75484.29
33.0,Female,Bachelor's,Operations,Operations Analyst,7.0,Metro City,50428.86
46.0,Female,Bachelor's,Marketing,Marketing Manager,18.0,Remote,89122.99
41.0,Male,Master's,Sales,Sales Manager,8.0,Tier-2 City,73289.08
24.0,Female,Bachelor's,Finance,Financial Analyst,4.0,Metro City,61306.31
40.0,Male,Bachelor's,Finance,Accountant,16.0,Metro City,90169.42
30.0,Male,Master's,Marketing,Marketing Executive,4.0,Metro City,65830.9
33.0,Male,Master's,Finance,Financial Analyst,13.0,Metro City,97272.22
27.0,Female,High School,HR,HR Executive,7.0,Metro City,36745.83
31.0,Female,Bachelor's,Operations,Logistics Coordinator,11.0,Tier-2 City,51089.91
27.0,Female,Bachelor's,HR,HR Executive,0.0,Metro City,44600.62
21.0,Male,Master's,Sales,Sales Manager,0.0,Tier-2 City,55304.23
35.0,Female,Bachelor's,Marketing,SEO Specialist,10.0,Remote,59652.76
21.0,Female,Master's,Sales,Account Manager,0.0,Metro City,69515.56
47.0,Male,High School,Finance,Finance Manager,14.0,Tier-2 City,52423.2
29.0,Male,Master's,HR,Recruiter,9.0,Tier-2 City,54939.14
42.0,Female,High School,Marketing,Marketing Executive,11.0,Remote,46797.01
51.0,Female,Bachelor's,HR,HR Manager,14.0,Tier-2 City,68477.84
21.0,Male,Bachelor's,Sales,Sales Manager,1.0,Tier-2 City,53795.36
21.0,Female,High School,Operations,Operations Manager,1.0,Metro City,38916.95
45.0,Male,Bachelor's,Operations,Logistics Coordinator,14.0,Metro City,69151.71
38.0,Female,Bachelor's,HR,HR Executive,11.0,Tier-2 City,53375.48
35.0,Female,PhD,HR,HR Manager,14.0,Remote,99978.47
24.0,Male,Master's,Sales,Account Manager,0.0,Tier-2 City,58608.32
52.0,Male,Master's,Operations,Operations Analyst,,Metro City,97199.98
37.0,Male,High School,Marketing,Marketing Executive,4.0,Tier-2 City,25049.68
56.0,Male,PhD,Marketing,Marketing Executive,21.0,Metro City,150006.38
28.0,Male,Bachelor's,Finance,Finance Manager,0.0,Tier-2 City,54950.99
34.0,Male,Bachelor's,HR,HR Manager,11.0,Metro City,72899.93
22.0,Female,Master's,HR,Recruiter,2.0,Remote,44259.49
59.0,Male,Master's,Finance,Finance Manager,19.0,Tier-2 City,110612.27
23.0,Male,PhD,IT,Data Analyst,3.0,Remote,91074.31
38.0,Female,Bachelor's,Operations,Operations Manager,12.0,Tier-2 City,68850.87
37.0,Male,Bachelor's,Marketing,SEO Specialist,11.0,Tier-2 City,55436.89
57.0,Female,Bachelor's,IT,DevOps Engineer,20.0,Tier-2 City,90510.1
35.0,Female,Master's,Sales,Account Manager,13.0,Metro City,104586.19
33.0,Female,Master's,Sales,Sales Manager,12.0,Tier-2 City,87731.57
35.0,Male,PhD,IT,DevOps Engineer,5.0,Tier-2 City,98894.31
26.0,Male,Bachelor's,Operations,Operations Analyst,0.0,Tier-2 City,37992.95
28.0,Male,Master's,Sales,Account Manager,8.0,Tier-2 City,78132.13
49.0,Male,PhD,Finance,Accountant,17.0,Tier-2 City,127373.05
33.0,Male,Bachelor's,Operations,Logistics Coordinator,6.0,Metro City,54562.77
21.0,Male,Master's,Marketing,SEO Specialist,0.0,Metro City,57894.84
47.0,Female,Bachelor's,Finance,Financial Analyst,20.0,Metro City,92928.19
21.0,Male,Master's,Sales,Account Manager,0.0,Tier-2 City,55010.62
41.0,Male,Master's,Marketing,Marketing Manager,6.0,Remote,77554.6
44.0,Male,PhD,Operations,Operations Analyst,24.0,Tier-2 City,116078.0
40.0,Male,Bachelor's,Sales,Account Manager,12.0,Remote,75872.93
46.0,Male,Bachelor's,Operations,Logistics Coordinator,17.0,Remote,58200.47
28.0,Male,Bachelor's,Finance,Accountant,4.0,Tier-2 City,45107.62
46.0,Female,PhD,Finance,Financial Analyst,8.0,Metro City,116572.96
27.0,Male,Bachelor's,Operations,Operations Manager,2.0,Tier-2 City,47549.64
36.0,Male,Bachelor's,Finance,Financial Analyst,6.0,Metro City,66640.97
35.0,Male,Master's,IT,Software Engineer,8.0,Metro City,108809.74
41.0,Female,Bachelor's,Marketing,Marketing Manager,21.0,Remote,85432.54
33.0,Male,Master's,HR,Recruiter,9.0,Remote,60614.55
39.0,Male,Bachelor's,IT,Data Analyst,5.0,Tier-2 City,58524.51
29.0,Male,Master's,IT,Software Engineer,7.0,Tier-2 City,80103.59
42.0,Male,Master's,HR,HR Executive,14.0,Tier-2 City,66693.19
32.0,Male,Master's,IT,DevOps Engineer,6.0,Remote,82193.56
26.0,Female,Master's,Finance,Finance Manager,0.0,Remote,69084.43
35.0,Female,Bachelor's,Finance,Finance Manager,14.0,Remote,77578.12
40.0,Male,Bachelor's,Sales,Account Manager,17.0,Tier-2 City,72600.59
28.0,Female,Bachelor's,Sales,Sales Executive,8.0,Tier-2 City,52629.33
32.0,Male,Bachelor's,Marketing,Marketing Manager,7.0,Remote,62890.87
21.0,Female,High School,Finance,Finance Manager,1.0,Metro City,49624.08
29.0,Male,Master's,Marketing,SEO Specialist,5.0,Remote,58276.42
39.0,Female,Master's,HR,HR Manager,13.0,Metro City,93882.66
21.0,Male,High School,Sales,Sales Executive,1.0,Metro City,31261.58
31.0,Male,Master's,Finance,Accountant,5.0,Metro City,78167.52
38.0,Male,Master's,Finance,Finance Manager,9.0,Metro City,103725.92
45.0,Female,High School,HR,HR Executive,21.0,Metro City,50422.5
45.0,Male,Master's,HR,Recruiter,9.0,Metro City,76436.6
43.0,Female,Bachelor's,Operations,Logistics Coordinator,7.0,Metro City,59471.73
32.0,Male,Bachelor's,Operations,Operations Analyst,8.0,Metro City,53369.58
26.0,Female,PhD,Sales,Account Manager,3.0,Metro City,91698.38
21.0,Male,Master's,Finance,Accountant,0.0,Metro City,65510.66
43.0,Female,Bachelor's,IT,Data Analyst,4.0,Tier-2 City,54052.92
26.0,Male,PhD,Operations,Logistics Coordinator,4.0,Tier-2 City,62540.29
25.0,Male,High School,Marketing,Marketing Executive,0.0,Remote,29442.25
23.0,Male,Bachelor's,IT,DevOps Engineer,3.0,Remote,59643.94
34.0,Male,High School,Sales,Sales Executive,7.0,Tier-2 City,32588.35
41.0,Male,Bachelor's,IT,Software Engineer,7.0,Remote,62457.92
35.0,Female,High School,IT,Software Engineer,4.0,Remote,38799.21
31.0,Male,Master's,IT,DevOps Engineer,6.0,Metro City,96687.3
46.0,Male,PhD,Sales,Account Manager,16.0,Tier-2 City,117083.74
21.0,Female,Bachelor's,Marketing,Marketing Executive,1.0,Tier-2 City,36310.27
21.0,Male,PhD,Finance,Financial Analyst,1.0,Tier-2 City,71981.39
35.0,Female,High School,Marketing,SEO Specialist,6.0,Remote,35936.41
31.0,Female,Master's,Sales,Sales Executive,3.0,Metro City,60613.53
31.0,Male,Master's,Operations,Logistics Coordinator,3.0,Metro City,53747.57
34.0,Female,Master's,Sales,Account Manager,5.0,Metro City,80427.44
38.0,Male,PhD,Finance,Accountant,7.0,Tier-2 City,88356.82
27.0,Male,Master's,Operations,Logistics Coordinator,0.0,Metro City,56399.34
51.0,Female,Master's,HR,HR Manager,19.0,Remote,101233.98
45.0,Female,Master's,Operations,Operations Manager,10.0,Metro City,95092.03
21.0,Female,Master's,HR,HR Executive,1.0,Remote,50083.84
43.0,Male,Bachelor's,Operations,Operations Manager,17.0,Remote,82012.92
35.0,Female,Master's,HR,HR Manager,8.0,Metro City,76301.3
28.0,Female,Master's,Finance,Finance Manager,4.0,Metro City,88671.4
28.0,Male,PhD,IT,IT Support,1.0,Metro City,103498.53
27.0,Male,Bachelor's,Operations,Operations Manager,,Tier-2 City,45492.57
35.0,Female,Master's,IT,Software Engineer,7.0,Metro City,99943.23
26.0,Male,Bachelor's,Marketing,Marketing Manager,6.0,Metro City,71535.92
28.0,Female,Bachelor's,Sales,Account Manager,5.0,Remote,52179.17
46.0,Male,Bachelor's,Operations,Operations Analyst,14.0,Metro City,72404.22
47.0,Male,High School,Marketing,SEO Specialist,16.0,Tier-2 City,44674.63
50.0,Male,Bachelor's,Sales,Account Manager,14.0,Tier-2 City,70828.09
38.0,Male,Bachelor's,Sales,Account Manager,5.0,Metro City,69114.34
23.0,Male,Bachelor's,Sales,Account Manager,1.0,Tier-2 City,53361.05
39.0,Male,Bachelor's,HR,Recruiter,15.0,Remote,51069.17
45.0,Male,Bachelor's,Operations,Operations Analyst,17.0,Metro City,77985.48
29.0,Male,Master's,HR,Recruiter,9.0,Tier-2 City,51029.22
51.0,Female,Bachelor's,Marketing,SEO Specialist,17.0,Remote,74524.82
48.0,Male,Bachelor's,Sales,Sales Manager,17.0,Metro City,93869.99
32.0,Male,Master's,Sales,Sales Executive,7.0,Tier-2 City,62587.81
57.0,Female,Bachelor's,Sales,Sales Executive,20.0,Metro City,84811.73
35.0,Male,Master's,HR,HR Manager,1.0,Tier-2 City,58135.62
30.0,Female,Bachelor's,Operations,Operations Manager,1.0,Metro City,53430.49
29.0,Male,Master's,IT,Data Analyst,8.0,Metro City,104526.72
28.0,Female,Master's,Sales,Sales Manager,8.0,Metro City,80942.15
51.0,Male,Bachelor's,HR,HR Executive,17.0,Metro City,72751.79
34.0,Male,High School,HR,HR Executive,14.0,Tier-2 City,32174.38
29.0,Male,High School,Sales,Sales Executive,0.0,Metro City,32499.25
39.0,Male,Master's,Operations,Operations Manager,10.0,Tier-2 City,78244.82
29.0,Male,Master's,Finance,Financial Analyst,7.0,Tier-2 City,65779.93
34.0,Male,Bachelor's,IT,Data Analyst,5.0,Metro City,70922.65
32.0,Female,PhD,HR,HR Manager,12.0,Tier-2 City,92595.23
34.0,Male,Bachelor's,Finance,Financial Analyst,0.0,Metro City,54751.28
21.0,Male,Bachelor's,Operations,Operations Manager,1.0,Metro City,54812.78
33.0,Male,High School,Finance,Financial Analyst,6.0,Metro City,39989.05
35.0,Male,Bachelor's,Operations,Logistics Coordinator,14.0,Remote,52912.46
52.0,Female,High School,Sales,Account Manager,18.0,Metro City,66101.33
34.0,Male,Bachelor's,Sales,Sales Executive,6.0,Remote,45875.51
29.0,Male,High School,IT,Software Engineer,4.0,Tier-2 City,35995.95
28.0,Female,Bachelor's,Sales,Sales Manager,8.0,Remote,60306.78
24.0,Male,Bachelor's,Operations,Operations Analyst,2.0,Metro City,48334.7
36.0,Female,High School,Finance,Accountant,7.0,Remote,39765.4
33.0,Male,High School,Finance,Accountant,4.0,Metro City,43059.29
30.0,Female,Master's,IT,Data Analyst,10.0,Remote,92665.61
30.0,Female,Bachelor's,Finance,Financial Analyst,7.0,Metro City,66476.25
42.0,Male,Bachelor's,HR,HR Executive,6.0,Metro City,58387.78
32.0,Female,High School,Finance,Accountant,2.0,Tier-2 City,27827.75
39.0,Female,PhD,IT,IT Support,10.0,Metro City,142760.84
47.0,Male,Bachelor's,IT,IT Support,20.0,Remote,95986.92
21.0,Female,Bachelor's,Sales,Sales Executive,0.0,Metro City,43815.37
29.0,Male,Master's,Operations,Operations Manager,0.0,Tier-2 City,55720.45
37.0,Male,Bachelor's,IT,DevOps Engineer,9.0,Tier-2 City,67138.39
27.0,Female,Master's,Finance,Financial Analyst,4.0,Remote,66646.82
37.0,Female,High School,Sales,Sales Manager,5.0,Metro City,49146.93
35.0,Male,High School,Marketing,SEO Specialist,15.0,Metro City,52122.71
23.0,Female,Bachelor's,IT,DevOps Engineer,0.0,Metro City,60348.93
38.0,Female,Bachelor's,Marketing,Marketing Manager,7.0,Remote,63598.54
37.0,Female,High School,IT,Software Engineer,6.0,Tier-2 City,42542.12
35.0,Female,Bachelor's,HR,HR Executive,9.0,Tier-2 City,46368.85
33.0,Female,Bachelor's,Sales,Sales Executive,9.0,Tier-2 City,45780.88
21.0,Female,Bachelor's,Finance,Accountant,0.0,Remote,41715.34
50.0,Male,Master's,Finance,Accountant,8.0,Metro City,83531.34
46.0,Male,Bachelor's,Operations,Operations Analyst,14.0,Metro City,73276.96
26.0,Male,Bachelor's,Operations,Operations Manager,4.0,Metro City,61138.06
32.0,Female,Bachelor's,IT,Software Engineer,7.0,Metro City,79189.29
44.0,Male,Master's,Finance,Financial Analyst,16.0,Tier-2 City,92874.92
36.0,Male,Bachelor's,HR,HR Executive,5.0,Tier-2 City,41754.16
26.0,Female,Bachelor's,Finance,Financial Analyst,5.0,Metro City,63437.0
39.0,Male,High School,Sales,Account Manager,9.0,Remote,45687.18
53.0,Male,Bachelor's,Marketing,SEO Specialist,16.0,Metro City,77555.04
37.0,Female,Bachelor's,Sales,Account Manager,4.0,Remote,59704.35
30.0,Male,Bachelor's,HR,HR Manager,9.0,Metro City,65102.64
37.0,Male,High School,Marketing,SEO Specialist,7.0,Tier-2 City,34537.78
43.0,Male,Bachelor's,Sales,Account Manager,9.0,Metro City,74791.66
36.0,Female,Bachelor's,Finance,Accountant,0.0,Tier-2 City,38887.85
40.0,Male,PhD,Finance,Financial Analyst,7.0,Tier-2 City,93432.79
26.0,Male,Master's,Operations,Operations Analyst,2.0,Metro City,60040.1
25.0,Female,Bachelor's,HR,HR Manager,0.0,Remote,47185.17
30.0,Male,Master's,Finance,Financial Analyst,4.0,Tier-2 City,59863.19
41.0,Female,Bachelor's,IT,Data Analyst,19.0,Remote,93186.81
46.0,Female,Master's,HR,HR Executive,15.0,Metro City,87627.32
43.0,Male,Master's,Sales,Account Manager,21.0,Tier-2 City,98933.53
27.0,Female,Bachelor's,Operations,Operations Manager,0.0,Metro City,57657.62
40.0,Female,Master's,Marketing,Marketing Executive,10.0,Metro City,88663.73
44.0,Male,Bachelor's,Finance,Accountant,15.0,Metro City,83106.43
39.0,Female,PhD,HR,HR Executive,5.0,Tier-2 City,61884.74
21.0,Male,Bachelor's,Marketing,Marketing Manager,0.0,Metro City,57613.49
30.0,Female,Master's,Sales,Sales Manager,0.0,Remote,62733.57
34.0,Male,Bachelor's,IT,Data Analyst,8.0,Metro City,79930.62
39.0,Female,PhD,Sales,Sales Executive,,Metro City,110353.08
21.0,Male,PhD,IT,Data Analyst,1.0,Metro City,102252.79
49.0,Male,Bachelor's,Operations,Operations Manager,5.0,Tier-2 City,55847.52
25.0,Male,Bachelor's,Finance,Finance Manager,4.0,Tier-2 City,57111.42
46.0,Female,PhD,Sales,Account Manager,10.0,Metro City,121423.19
35.0,Male,High School,Finance,Financial Analyst,12.0,Remote,42365.66
31.0,Female,Bachelor's,Sales,Sales Executive,11.0,Metro City,59400.25
35.0,Female,High School,Finance,Financial Analyst,7.0,Metro City,46023.65
35.0,Male,High School,HR,Recruiter,9.0,Metro City,38717.6
44.0,Male,Bachelor's,Sales,Sales Manager,7.0,Remote,65093.94
21.0,Male,High School,Finance,Accountant,1.0,Remote,30960.59
23.0,Female,Bachelor's,HR,Recruiter,3.0,Tier-2 City,40606.36
38.0,Female,Bachelor's,Finance,Financial Analyst,5.0,Metro City,66580.88
34.0,Male,Bachelor's,Operations,Logistics Coordinator,6.0,Remote,41171.29
21.0,Male,High School,HR,HR Executive,0.0,Tier-2 City,21790.41
,Female,Bachelor's,Sales,Account Manager,6.0,Tier-2 City,60923.19
27.0,Male,Bachelor's,HR,Recruiter,5.0,Metro City,51190.68
50.0,Female,Master's,Marketing,SEO Specialist,17.0,Tier-2 City,88253.5
58.0,Male,Bachelor's,Sales,Sales Executive,20.0,Metro City,88004.47
32.0,Male,Master's,Operations,Logistics Coordinator,2.0,Tier-2 City,50599.94
32.0,Male,High School,Marketing,SEO Specialist,3.0,Tier-2 City,25398.62
51.0,Female,Master's,IT,Data Analyst,20.0,Metro City,152555.05
32.0,Female,Master's,Finance,Finance Manager,10.0,Metro City,106364.45
39.0,Female,High School,Finance,Accountant,14.0,Remote,42701.09
58.0,Male,Master's,Sales,Sales Executive,22.0,Metro City,111230.16
28.0,Female,Master's,IT,Software Engineer,6.0,Remote,81923.84
44.0,Male,High School,Finance,Finance Manager,8.0,Tier-2 City,54104.15
21.0,Male,Bachelor's,Marketing,Marketing Executive,0.0,Tier-2 City,35535.59
27.0,Male,Bachelor's,Finance,Finance Manager,4.0,Remote,59286.27
29.0,Male,Master's,Sales,Sales Executive,8.0,Tier-2 City,56588.31
36.0,Male,Bachelor's,IT,DevOps Engineer,9.0,Remote,71380.01
21.0,Male,Master's,Sales,Sales Executive,1.0,Tier-2 City,47012.31
51.0,Male,Bachelor's,IT,Data Analyst,7.0,Metro City,79648.32
32.0,Male,Master's,Marketing,Marketing Executive,3.0,Tier-2 City,61535.22
38.0,Male,High School,Marketing,SEO Specialist,9.0,Metro City,41384.92
38.0,Male,Master's,Marketing,Marketing Manager,12.0,Metro City,108223.62
47.0,Female,PhD,Finance,Financial Analyst,20.0,Remote,130092.74
27.0,Female,Bachelor's,Sales,Sales Manager,0.0,Metro City,56467.1
34.0,Female,Bachelor's,Finance,Finance Manager,8.0,Metro City,75914.03
23.0,Female,PhD,HR,HR Manager,1.0,Tier-2 City,63484.51
33.0,Female,High School,Operations,Operations Analyst,6.0,Metro City,31651.6
39.0,Male,Bachelor's,IT,Software Engineer,8.0,Metro City,87334.18
37.0,Female,Bachelor's,HR,HR Executive,5.0,Metro City,48567.81
23.0,Female,Bachelor's,IT,IT Support,0.0,Metro City,59810.57
29.0,Female,High School,Marketing,Marketing Executive,0.0,Remote,29506.35
23.0,Female,PhD,Sales,Account Manager,0.0,Tier-2 City,68708.66
33.0,Male,Bachelor's,Sales,Sales Manager,4.0,Metro City,67236.8
44.0,Male,Bachelor's,IT,DevOps Engineer,10.0,Metro City,86182.1
41.0,Female,Master's,Sales,Sales Executive,,Metro City,78757.88
48.0,Male,High School,HR,HR Executive,15.0,Tier-2 City,40204.44
27.0,Female,High School,Sales,Sales Manager,1.0,Metro City,42235.42
45.0,Female,Bachelor's,Operations,Operations Analyst,12.0,Tier-2 City,52944.28
27.0,Male,PhD,HR,Recruiter,4.0,Tier-2 City,60822.51
36.0,Male,Bachelor's,IT,Data Analyst,14.0,Tier-2 City,76386.47
50.0,Male,Bachelor's,Finance,Financial Analyst,16.0,Metro City,91987.85
30.0,Female,Master's,Marketing,Marketing Executive,3.0,Metro City,70402.52
21.0,Male,High School,Finance,Finance Manager,1.0,Metro City,47615.15
21.0,Female,Master's,Sales,Account Manager,0.0,Metro City,70562.68
44.0,Female,Bachelor's,IT,IT Support,15.0,Metro City,102269.03
33.0,Male,Master's,Finance,Finance Manager,5.0,Remote,78724.2
28.0,Male,Master's,Marketing,Marketing Executive,7.0,Metro City,77666.23
33.0,Male,Master's,IT,DevOps Engineer,8.0,Tier-2 City,82967.49
24.0,Male,PhD,HR,HR Executive,4.0,Metro City,74154.95
26.0,Female,Bachelor's,Sales,Sales Manager,3.0,Metro City,58951.42
43.0,Male,Bachelor's,Finance,Accountant,12.0,Tier-2 City,66799.66
21.0,Female,High School,Operations,Logistics Coordinator,0.0,Metro City,33725.31
42.0,Male,Bachelor's,IT,DevOps Engineer,8.0,Metro City,81154.9
41.0,Female,Master's,Finance,Finance Manager,8.0,Remote,87705.13
42.0,Male,Master's,HR,Recruiter,16.0,Tier-2 City,70772.58
26.0,Male,High School,IT,DevOps Engineer,3.0,Remote,39226.72
27.0,Male,Master's,HR,Recruiter,2.0,Metro City,57863.23
33.0,Male,Bachelor's,Marketing,SEO Specialist,1.0,Metro City,48175.14
37.0,Male,Master's,Finance,Financial Analyst,9.0,Metro City,80146.74
45.0,Female,High School,IT,Data Analyst,11.0,Metro City,61484.66
35.0,Male,Bachelor's,Operations,Logistics Coordinator,8.0,Metro City,60518.37
46.0,Male,PhD,HR,HR Manager,21.0,Tier-2 City,110073.85
53.0,Male,Bachelor's,Marketing,Marketing Executive,17.0,Metro City,88709.61
54.0,Male,Master's,Sales,Sales Manager,19.0,Tier-2 City,99843.71
39.0,Male,Master's,IT,Software Engineer,12.0,Tier-2 City,96420.1
27.0,Male,Bachelor's,IT,IT Support,4.0,Remote,62961.84
27.0,Male,Bachelor's,Operations,Logistics Coordinator,1.0,Remote,36743.55
40.0,Male,Bachelor's,HR,HR Manager,9.0,Metro City,71539.29
33.0,Male,Master's,Operations,Operations Analyst,3.0,Tier-2 City,46554.95
21.0,Female,Bachelor's,Operations,Operations Manager,1.0,Remote,48641.19
45.0,Male,Bachelor's,Finance,Financial Analyst,20.0,Tier-2 City,81006.99
42.0,Male,Master's,Marketing,Marketing Executive,15.0,Tier-2 City,77721.96
35.0,Male,High School,Marketing,Marketing Executive,5.0,Tier-2 City,32722.91
25.0,Male,Bachelor's,Sales,Sales Executive,2.0,Metro City,49316.2
40.0,Male,Master's,Marketing,SEO Specialist,15.0,Metro City,103311.48
45.0,Female,PhD,IT,Software Engineer,11.0,Metro City,144077.36
43.0,Male,Bachelor's,Marketing,Marketing Executive,13.0,Metro City,71338.34
48.0,Female,Master's,Marketing,Marketing Manager,8.0,Metro City,101324.57
32.0,Male,PhD,Finance,Financial Analyst,0.0,Metro City,85326.95
21.0,Male,Master's,Operations,Operations Manager,0.0,Tier-2 City,54175.8
39.0,Female,Master's,HR,HR Manager,12.0,Tier-2 City,70947.3
36.0,Male,High School,HR,HR Manager,16.0,Tier-2 City,43935.93
29.0,Female,Master's,HR,HR Executive,7.0,Metro City,64111.09
52.0,Male,Bachelor's,HR,Recruiter,13.0,Metro City,65266.7
40.0,Male,High School,IT,Data Analyst,20.0,Remote,62716.89
34.0,Female,Bachelor's,Operations,Operations Analyst,8.0,Tier-2 City,48026.95
30.0,Male,Master's,HR,Recruiter,2.0,Metro City,61146.85
43.0,Female,High School,HR,Recruiter,9.0,Tier-2 City,23564.16
27.0,Female,Bachelor's,IT,Data Analyst,7.0,Remote,61262.73
45.0,Male,Bachelor's,Finance,Financial Analyst,9.0,Remote,63159.72
33.0,Female,Bachelor's,Marketing,SEO Specialist,5.0,Tier-2 City,43056.7
48.0,Female,Bachelor's,Sales,Sales Executive,14.0,Metro City,75179.12
29.0,Male,High School,Sales,Sales Executive,5.0,Tier-2 City,31456.75
33.0,Male,PhD,IT,Data Analyst,11.0,Tier-2 City,121988.21
23.0,Female,High School,IT,Data Analyst,0.0,Metro City,35666.94
21.0,Male,Master's,Operations,Operations Manager,1.0,Tier-2 City,62321.3
40.0,Male,Bachelor's,IT,IT Support,13.0,Metro City,89794.19
44.0,Female,PhD,HR,HR Manager,10.0,Metro City,109072.66
46.0,Female,High School,IT,Software Engineer,12.0,Metro City,60092.26
33.0,Female,Master's,Finance,Finance Manager,3.0,Metro City,89145.47
32.0,Male,Bachelor's,Sales,Sales Executive,6.0,Metro City,52983.37
29.0,Male,Master's,HR,HR Manager,1.0,Metro City,66783.39
32.0,Female,Master's,Sales,Sales Manager,1.0,Tier-2 City,58838.17
43.0,Female,Bachelor's,Finance,Finance Manager,13.0,Metro City,93349.25
33.0,Male,PhD,Finance,Accountant,0.0,Tier-2 City,69386.58
21.0,Male,High School,IT,DevOps Engineer,0.0,Metro City,40501.07
43.0,Male,Master's,Sales,Account Manager,16.0,Metro City,107681.63
30.0,Male,Master's,Marketing,Marketing Executive,1.0,Remote,45414.23
26.0,Female,Bachelor's,Finance,Accountant,0.0,Metro City,48075.91
39.0,Male,Bachelor's,HR,HR Executive,7.0,Metro City,46063.42
45.0,Male,Master's,IT,IT Support,5.0,Tier-2 City,76552.27
46.0,Male,Bachelor's,Operations,Operations Analyst,19.0,Metro City,80528.98
42.0,Male,Master's,IT,Data Analyst,10.0,Tier-2 City,83368.08
44.0,Female,Bachelor's,Operations,Logistics Coordinator,8.0,Tier-2 City,53688.3
34.0,Male,High School,Operations,Operations Analyst,10.0,Metro City,37661.92
26.0,Female,Master's,HR,HR Manager,5.0,Tier-2 City,62167.93
26.0,Male,Bachelor's,IT,Data Analyst,3.0,Tier-2 City,56293.3
38.0,Female,High School,HR,HR Executive,4.0,Tier-2 City,26964.63
33.0,Male,Bachelor's,Operations,Operations Manager,8.0,Remote,61573.79
33.0,Male,Bachelor's,HR,HR Executive,3.0,Metro City,48148.33
49.0,Male,PhD,Finance,Financial Analyst,11.0,Metro City,130557.12
31.0,Female,Master's,HR,Recruiter,10.0,Tier-2 City,56712.87
28.0,Male,High School,IT,IT Support,3.0,Tier-2 City,37393.39
37.0,Male,Bachelor's,Operations,Logistics Coordinator,6.0,Tier-2 City,40244.62
43.0,Male,Bachelor's,Finance,Financial Analyst,8.0,Tier-2 City,54255.07
34.0,Male,High School,Marketing,Marketing Manager,3.0,Remote,44818.91
38.0,Female,Master's,IT,Data Analyst,8.0,Tier-2 City,87760.78
25.0,Male,Master's,Finance,Financial Analyst,0.0,Metro City,62609.55
21.0,Male,High School,Finance,Accountant,1.0,Remote,31517.82
35.0,Male,Bachelor's,Operations,Operations Manager,6.0,Remote,63791.24
32.0,Female,Bachelor's,Sales,Sales Executive,1.0,Metro City,44505.63
35.0,Male,High School,Operations,Operations Analyst,2.0,Remote,23915.74
43.0,Female,PhD,Marketing,Marketing Executive,12.0,Metro City,117734.88
37.0,Male,High School,Finance,Accountant,6.0,Metro City,40788.15
23.0,Male,Bachelor's,HR,HR Executive,0.0,Tier-2 City,29908.0
39.0,Male,Master's,Operations,Logistics Coordinator,9.0,Metro City,77036.36
37.0,Male,PhD,Operations,Logistics Coordinator,16.0,Metro City,121189.95
29.0,Male,Bachelor's,Finance,Finance Manager,1.0,Metro City,66598.95
36.0,Male,Bachelor's,Finance,Accountant,6.0,Metro City,57161.2
35.0,Male,Bachelor's,HR,Recruiter,15.0,Metro City,60419.42
32.0,Male,Bachelor's,Operations,Operations Manager,5.0,Metro City,64477.0
41.0,Male,PhD,Sales,Account Manager,12.0,Metro City,121270.21
48.0,Female,Bachelor's,Sales,Sales Executive,9.0,Metro City,66761.04
41.0,Female,Bachelor's,Finance,Accountant,11.0,Remote,67248.27
34.0,Male,Master's,Sales,Account Manager,3.0,Tier-2 City,69204.21
43.0,Male,Master's,Marketing,SEO Specialist,14.0,Metro City,96532.92
36.0,Female,Bachelor's,IT,DevOps Engineer,5.0,Remote,60015.12
39.0,Male,Master's,Operations,Logistics Coordinator,11.0,Tier-2 City,65012.27
24.0,Male,High School,HR,Recruiter,3.0,Metro City,35369.08
37.0,Male,Master's,Marketing,SEO Specialist,14.0,Remote,76694.34
37.0,Female,PhD,Operations,Operations Manager,7.0,Metro City,101043.9
48.0,Female,PhD,Finance,Finance Manager,13.0,Tier-2 City,122608.87
28.0,Male,Master's,Operations,Operations Analyst,0.0,Metro City,55545.7
27.0,Male,Bachelor's,Sales,Account Manager,1.0,Tier-2 City,51899.9
38.0,Female,High School,HR,Recruiter,14.0,Metro City,41041.16
33.0,Female,PhD,Finance,Finance Manager,7.0,Metro City,122615.73
39.0,Female,Bachelor's,Operations,Operations Manager,8.0,Metro City,63242.86
32.0,Female,Master's,Operations,Operations Manager,5.0,Metro City,76150.16
29.0,Female,Bachelor's,Operations,Operations Analyst,,Metro City,53110.37
21.0,Male,Master's,HR,Recruiter,0.0,Metro City,43827.59
42.0,Male,Master's,Marketing,Marketing Executive,12.0,Remote,79480.52
39.0,Female,Bachelor's,IT,IT Support,12.0,Remote,79807.13
25.0,Male,Bachelor's,Operations,Logistics Coordinator,5.0,Metro City,45617.31
45.0,Male,Bachelor's,HR,HR Manager,15.0,Metro City,80035.66
36.0,Female,Bachelor's,Marketing,Marketing Executive,5.0,Metro City,57543.63
37.0,Female,Master's,Operations,Operations Analyst,13.0,Metro City,85605.43
25.0,Female,High School,Marketing,SEO Specialist,5.0,Metro City,30223.95
21.0,Male,Bachelor's,Marketing,SEO Specialist,1.0,Metro City,51306.91
31.0,Female,Master's,Sales,Account Manager,4.0,Metro City,81542.98
43.0,Male,Bachelor's,HR,HR Executive,13.0,Metro City,66450.72
39.0,Male,Bachelor's,HR,Recruiter,9.0,Tier-2 City,42762.31
23.0,Female,Bachelor's,Operations,Operations Manager,0.0,Metro City,53814.47
43.0,Female,Master's,Sales,Sales Executive,14.0,Metro City,83673.3
36.0,Male,Master's,IT,DevOps Engineer,9.0,Metro City,107505.83
28.0,Male,Bachelor's,Marketing,Marketing Executive,7.0,Tier-2 City,44560.72
28.0,Male,Bachelor's,Operations,Operations Analyst,2.0,Metro City,37714.75
36.0,Male,Bachelor's,Finance,Financial Analyst,10.0,Tier-2 City,58474.67
35.0,Female,High School,Operations,Operations Manager,11.0,Tier-2 City,43842.59
41.0,Male,Bachelor's,Finance,Accountant,7.0,Metro City,68228.47
,Male,Bachelor's,Finance,Financial Analyst,8.0,Tier-2 City,51450.13
49.0,Male,Bachelor's,Finance,Finance Manager,16.0,Metro City,100211.52
40.0,Male,Bachelor's,Finance,Finance Manager,15.0,Metro City,95412.62
29.0,Female,Master's,IT,Software Engineer,9.0,Remote,90555.38
21.0,Male,High School,Sales,Account Manager,0.0,Metro City,35658.98
24.0,Male,Bachelor's,HR,HR Executive,0.0,Tier-2 City,35424.4
35.0,Male,PhD,IT,Data Analyst,2.0,Remote,87561.17
21.0,Male,Master's,HR,Recruiter,0.0,Metro City,53220.78
52.0,Male,Bachelor's,IT,Data Analyst,13.0,Remote,82161.3
50.0,Male,PhD,Operations,Operations Analyst,23.0,Metro City,146782.17
41.0,Female,Master's,Finance,Finance Manager,7.0,Metro City,101758.55
42.0,Female,Bachelor's,Finance,Accountant,12.0,Remote,69408.53
47.0,Male,High School,HR,HR Executive,18.0,Metro City,48218.7
41.0,Male,Bachelor's,Finance,Finance Manager,6.0,Tier-2 City,71766.81
34.0,Female,Bachelor's,Operations,Operations Analyst,7.0,Metro City,55136.43
39.0,Female,Master's,HR,HR Manager,10.0,Metro City,92075.85
51.0,Female,Master's,Sales,Sales Executive,16.0,Tier-2 City,85153.46
24.0,Female,Bachelor's,IT,DevOps Engineer,0.0,Remote,48111.67
38.0,Male,Bachelor's,Finance,Accountant,8.0,Tier-2 City,59157.72
42.0,Male,Bachelor's,Marketing,SEO Specialist,11.0,Tier-2 City,55495.77
31.0,Male,Master's,Finance,Financial Analyst,4.0,Tier-2 City,56312.85
35.0,Female,PhD,HR,Recruiter,3.0,Metro City,75593.3
34.0,Female,Bachelor's,Sales,Sales Manager,7.0,Metro City,72282.42
40.0,Female,Bachelor's,Finance,Finance Manager,14.0,Tier-2 City,76825.23
49.0,Female,PhD,HR,Recruiter,17.0,Metro City,114195.32
22.0,Male,PhD,Operations,Operations Analyst,0.0,Metro City,71345.08
32.0,Female,PhD,Finance,Accountant,10.0,Remote,108721.74
29.0,Male,Bachelor's,HR,Recruiter,0.0,Tier-2 City,30559.33
45.0,Male,Bachelor's,Sales,Sales Executive,11.0,Tier-2 City,56023.64
43.0,Male,Bachelor's,Marketing,Marketing Manager,15.0,Metro City,85994.64
34.0,Male,High School,IT,Software Engineer,6.0,Tier-2 City,28496.15
36.0,Male,Master's,Finance,Financial Analyst,6.0,Metro City,82440.62
49.0,Male,Master's,Marketing,SEO Specialist,13.0,Metro City,97356.24
25.0,Male,Master's,IT,Data Analyst,0.0,Tier-2 City,63413.74
38.0,Female,Bachelor's,Finance,Accountant,14.0,Tier-2 City,61711.61
21.0,Male,Master's,Finance,Accountant,1.0,Metro City,65159.06
31.0,Female,Bachelor's,Operations,Logistics Coordinator,9.0,Tier-2 City,46946.93
21.0,Male,Bachelor's,Finance,Financial Analyst,1.0,Tier-2 City,41546.47
23.0,Male,Bachelor's,Marketing,SEO Specialist,0.0,Remote,40886.19
37.0,Female,PhD,IT,Data Analyst,10.0,Metro City,142603.2
37.0,Male,Bachelor's,Finance,Accountant,9.0,Tier-2 City,61873.57
26.0,Female,Master's,Operations,Logistics Coordinator,0.0,Metro City,49562.92
29.0,Female,PhD,Operations,Operations Analyst,9.0,Metro City,95903.05
40.0,Female,Master's,IT,DevOps Engineer,11.0,Tier-2 City,95242.68
40.0,Male,Bachelor's,Finance,Finance Manager,7.0,Tier-2 City,66977.03
25.0,Male,High School,HR,HR Executive,5.0,Metro City,32809.93
31.0,Female,High School,Operations,Operations Analyst,9.0,Tier-2 City,34150.62
28.0,Female,High School,Marketing,Marketing Executive,3.0,Remote,37847.3
38.0,Male,Master's,Operations,Operations Manager,2.0,Metro City,72299.4
,Male,PhD,Finance,Accountant,2.0,Metro City,97074.15
39.0,Female,Master's,IT,Data Analyst,9.0,Tier-2 City,86989.47
23.0,Male,Bachelor's,Finance,Finance Manager,3.0,Metro City,69197.62
22.0,Male,Bachelor's,HR,HR Manager,0.0,Tier-2 City,44857.07
36.0,Male,PhD,Sales,Sales Executive,11.0,Tier-2 City,92152.77
,Female,High School,IT,DevOps Engineer,19.0,Metro City,66770.75
30.0,Male,Bachelor's,IT,IT Support,2.0,Tier-2 City,51711.48
28.0,Female,Bachelor's,IT,Data Analyst,6.0,Tier-2 City,63489.88
37.0,Male,High School,IT,DevOps Engineer,6.0,Tier-2 City,40868.12
42.0,Female,Bachelor's,Operations,Operations Analyst,6.0,Metro City,54505.25
27.0,Male,Master's,HR,Recruiter,5.0,Metro City,63997.77
31.0,Male,High School,Finance,Financial Analyst,5.0,Metro City,38449.1
31.0,Female,Bachelor's,Finance,Financial Analyst,11.0,Metro City,68528.8
31.0,Female,PhD,Sales,Sales Executive,3.0,Metro City,92303.88
42.0,Male,PhD,Finance,Financial Analyst,7.0,Metro City,109323.91
34.0,Male,Bachelor's,HR,Recruiter,2.0,Tier-2 City,33187.29
37.0,Female,Master's,Marketing,SEO Specialist,8.0,Tier-2 City,69908.17
40.0,Female,Bachelor's,HR,Recruiter,7.0,Tier-2 City,46975.84
22.0,Female,Bachelor's,Marketing,SEO Specialist,1.0,Metro City,51902.14
33.0,Male,Bachelor's,Sales,Account Manager,6.0,Metro City,70864.38
45.0,Female,PhD,IT,Software Engineer,6.0,Tier-2 City,98958.54
34.0,Female,Master's,HR,Recruiter,4.0,Metro City,56945.96
33.0,Female,Bachelor's,Operations,Operations Analyst,12.0,Tier-2 City,48155.8
26.0,Male,High School,Operations,Logistics Coordinator,6.0,Metro City,36596.49
32.0,Female,PhD,Marketing,SEO Specialist,0.0,Remote,67366.21
31.0,Male,Bachelor's,IT,DevOps Engineer,9.0,Metro City,83952.58
24.0,Male,Bachelor's,IT,Data Analyst,0.0,Tier-2 City,47423.39
39.0,Male,High School,IT,Software Engineer,5.0,Remote,40631.53
26.0,Female,Bachelor's,HR,Recruiter,,Metro City,47257.91
38.0,Male,Master's,Marketing,Marketing Manager,15.0,Metro City,109761.87
52.0,Female,Master's,Marketing,Marketing Executive,10.0,Metro City,87052.88
52.0,Female,High School,Marketing,SEO Specialist,20.0,Tier-2 City,46648.89
24.0,Female,Bachelor's,Marketing,SEO Specialist,2.0,Tier-2 City,47107.3
35.0,Male,High School,Sales,Account Manager,4.0,Tier-2 City,41466.17
29.0,Male,Master's,Finance,Accountant,7.0,Tier-2 City,73063.9
41.0,Female,Bachelor's,Operations,Operations Manager,12.0,Remote,65630.32
31.0,Female,PhD,HR,Recruiter,5.0,Metro City,77703.03
47.0,Female,PhD,Operations,Operations Analyst,10.0,Tier-2 City,86027.25
26.0,Male,Bachelor's,IT,Data Analyst,0.0,Metro City,61728.18
43.0,Male,PhD,Marketing,SEO Specialist,12.0,Tier-2 City,98437.29
43.0,Female,High School,Sales,Sales Executive,7.0,Remote,36116.28
23.0,Male,PhD,HR,HR Executive,3.0,Metro City,73968.69
36.0,Female,Master's,Marketing,Marketing Executive,12.0,Tier-2 City,69987.59
21.0,Male,Bachelor's,Sales,Account Manager,1.0,Tier-2 City,49945.0
34.0,Male,Bachelor's,HR,HR Manager,5.0,Metro City,61840.12
43.0,Male,Master's,HR,HR Executive,11.0,Tier-2 City,64948.57
32.0,Female,Bachelor's,Marketing,SEO Specialist,6.0,Remote,48401.2
26.0,Female,PhD,HR,Recruiter,3.0,Metro City,70434.93
34.0,Female,Bachelor's,HR,Recruiter,10.0,Tier-2 City,51252.8
32.0,Male,Bachelor's,HR,HR Manager,4.0,Metro City,61471.07
31.0,Female,Master's,Finance,Financial Analyst,2.0,Metro City,77280.81
37.0,Female,Bachelor's,Sales,Account Manager,9.0,Metro City,78052.77
28.0,Female,Master's,Sales,Sales Manager,3.0,Remote,68946.42
39.0,Male,Bachelor's,HR,Recruiter,15.0,Remote,61275.16
31.0,Male,Master's,IT,Software Engineer,3.0,Metro City,78938.52
35.0,Male,Master's,Sales,Sales Manager,10.0,Tier-2 City,80058.55
26.0,Male,Bachelor's,Marketing,Marketing Manager,0.0,Metro City,51983.88
37.0,Female,Bachelor's,Marketing,Marketing Executive,6.0,Metro City,61475.01
41.0,Female,Master's,Marketing,SEO Specialist,12.0,Tier-2 City,75996.39
23.0,Female,PhD,HR,Recruiter,0.0,Remote,58836.13
23.0,Male,Master's,Sales,Account Manager,0.0,Remote,64483.24
28.0,Male,Bachelor's,HR,Recruiter,8.0,Metro City,54745.03
39.0,Male,Bachelor's,Operations,Operations Manager,5.0,Remote,63597.58
27.0,Male,Master's,Operations,Operations Analyst,0.0,Tier-2 City,46165.73
24.0,Female,Bachelor's,Marketing,SEO Specialist,0.0,Metro City,49527.5
39.0,Female,Bachelor's,Operations,Operations Analyst,10.0,Metro City,62326.27
44.0,Male,High School,Sales,Sales Executive,13.0,Metro City,48544.37
41.0,Female,Bachelor's,HR,HR Manager,12.0,Metro City,73663.64
22.0,Female,Master's,Operations,Operations Manager,0.0,Metro City,66014.6
33.0,Female,Bachelor's,Sales,Account Manager,3.0,Tier-2 City,57268.6
37.0,Male,Master's,Finance,Accountant,2.0,Tier-2 City,60495.71
35.0,Female,PhD,Marketing,SEO Specialist,8.0,Metro City,101255.68
33.0,Male,Master's,Sales,Sales Manager,12.0,Remote,88808.51
29.0,Male,PhD,IT,DevOps Engineer,9.0,Tier-2 City,114359.83
23.0,Male,Master's,Operations,Operations Manager,3.0,Tier-2 City,59033.67
21.0,Male,PhD,Finance,Accountant,0.0,Tier-2 City,58800.46
46.0,Female,Master's,Marketing,Marketing Executive,18.0,Tier-2 City,88444.43
25.0,Female,Bachelor's,Finance,Financial Analyst,0.0,Metro City,46533.43
26.0,Female,Bachelor's,Operations,Logistics Coordinator,0.0,Tier-2 City,35244.12
32.0,Male,Master's,Operations,Operations Analyst,12.0,Metro City,86767.67
34.0,Female,Master's,Finance,Financial Analyst,14.0,Remote,92730.41
39.0,Female,Master's,Sales,Account Manager,14.0,Metro City,105166.06
45.0,Female,Bachelor's,Finance,Financial Analyst,18.0,Remote,75283.41
37.0,Male,Master's,IT,Data Analyst,10.0,Metro City,108123.16
,Female,Master's,Sales,Sales Executive,16.0,Metro City,97777.91
28.0,Female,PhD,Sales,Sales Manager,2.0,Tier-2 City,70490.33
27.0,Female,PhD,HR,HR Manager,0.0,Metro City,77824.78
40.0,Male,PhD,IT,DevOps Engineer,13.0,Remote,126113.21
34.0,Female,Bachelor's,Operations,Logistics Coordinator,6.0,Metro City,49004.88
41.0,Male,PhD,IT,DevOps Engineer,16.0,Tier-2 City,138957.74
40.0,Male,PhD,Sales,Account Manager,11.0,Metro City,125333.68
21.0,Female,Bachelor's,Finance,Financial Analyst,1.0,Metro City,51497.85
29.0,Female,Master's,IT,Software Engineer,9.0,Metro City,108199.53
45.0,Male,High School,Finance,Financial Analyst,9.0,Remote,45296.2
39.0,Female,Bachelor's,Marketing,SEO Specialist,13.0,Metro City,75385.31
32.0,Female,Bachelor's,IT,Software Engineer,0.0,Remote,60435.91
46.0,Female,Bachelor's,Marketing,SEO Specialist,11.0,Metro City,71444.96
39.0,Female,Master's,IT,Software Engineer,10.0,Remote,90591.65
49.0,Female,High School,Operations,Operations Analyst,16.0,Metro City,47265.62
43.0,Female,Bachelor's,IT,Software Engineer,12.0,Metro City,90653.07
38.0,Male,Bachelor's,Finance,Accountant,10.0,Metro City,76491.54
42.0,Female,High School,IT,DevOps Engineer,13.0,Remote,54354.44
31.0,Male,Bachelor's,IT,DevOps Engineer,4.0,Metro City,68250.03
43.0,Female,Bachelor's,Finance,Accountant,18.0,Tier-2 City,73145.41
37.0,Male,Bachelor's,Finance,Accountant,11.0,Metro City,72663.45
36.0,Female,Bachelor's,Operations,Operations Analyst,3.0,Metro City,48141.64
28.0,Female,Bachelor's,Sales,Sales Executive,3.0,Metro City,50422.47
30.0,Male,Bachelor's,Finance,Accountant,5.0,Remote,55414.52
51.0,Female,Master's,IT,DevOps Engineer,15.0,Tier-2 City,101677.92
42.0,Male,Bachelor's,IT,IT Support,12.0,Metro City,91417.85
38.0,Female,Master's,IT,IT Support,15.0,Tier-2 City,94177.58
31.0,Male,High School,Operations,Logistics Coordinator,0.0,Tier-2 City,23317.08
35.0,Female,PhD,Marketing,SEO Specialist,11.0,Tier-2 City,88035.41
47.0,Male,Bachelor's,Marketing,SEO Specialist,4.0,Tier-2 City,37963.45
22.0,Male,Bachelor's,Sales,Sales Manager,0.0,Metro City,55109.81
43.0,Female,Master's,Operations,Logistics Coordinator,16.0,Tier-2 City,77942.15
38.0,Male,Bachelor's,IT,IT Support,4.0,Remote,55444.04
21.0,Male,Bachelor's,HR,HR Manager,1.0,Metro City,49553.87
38.0,Male,High School,Marketing,Marketing Executive,6.0,Metro City,39986.12
51.0,Female,Master's,Operations,Operations Manager,15.0,Tier-2 City,85321.59
38.0,Male,Master's,Marketing,SEO Specialist,11.0,Tier-2 City,71774.44
21.0,Female,Master's,Sales,Account Manager,1.0,Metro City,73278.17
49.0,Male,Master's,Finance,Financial Analyst,10.0,Metro City,97019.8
33.0,Male,High School,Operations,Operations Manager,7.0,Remote,42056.69
36.0,Female,Master's,Marketing,SEO Specialist,7.0,Tier-2 City,62481.87
42.0,Male,High School,HR,Recruiter,10.0,Tier-2 City,30888.87
23.0,Male,Bachelor's,Sales,Account Manager,3.0,Remote,58944.23
45.0,Female,PhD,IT,IT Support,19.0,Metro City,179676.4
50.0,Female,Bachelor's,Finance,Accountant,16.0,Metro City,90532.22
47.0,Male,Bachelor's,IT,IT Support,19.0,Remote,100260.8
36.0,Female,High School,HR,HR Executive,8.0,Remote,31229.21
38.0,Male,Bachelor's,Operations,Operations Manager,9.0,Remote,62430.33
29.0,Female,High School,Operations,Operations Manager,3.0,Metro City,46272.18
31.0,Female,Master's,Marketing,Marketing Executive,5.0,Tier-2 City,57815.68
28.0,Female,Master's,Finance,Finance Manager,0.0,Metro City,81801.32
39.0,Male,High School,IT,DevOps Engineer,0.0,Tier-2 City,30364.55
21.0,Female,Bachelor's,Marketing,SEO Specialist,0.0,Remote,35103.84
32.0,Male,High School,Marketing,Marketing Executive,10.0,Tier-2 City,40138.09
42.0,Male,High School,Marketing,SEO Specialist,8.0,Tier-2 City,33428.86
21.0,Female,Bachelor's,Marketing,Marketing Manager,1.0,Metro City,60981.16
45.0,Male,PhD,IT,Data Analyst,14.0,Metro City,161464.99
34.0,Female,Bachelor's,Operations,Operations Manager,8.0,Metro City,68843.95
51.0,Female,Bachelor's,Operations,Operations Manager,18.0,Metro City,88964.63
26.0,Female,Master's,Finance,Financial Analyst,0.0,Tier-2 City,52854.24
46.0,Female,Bachelor's,IT,DevOps Engineer,9.0,Metro City,83154.21
21.0,Female,Bachelor's,Finance,Accountant,0.0,Remote,40144.3
26.0,Female,PhD,Operations,Operations Analyst,6.0,Tier-2 City,68235.51
21.0,Female,PhD,Marketing,Marketing Manager,0.0,Remote,74776.6
27.0,Female,High School,Finance,Financial Analyst,7.0,Tier-2 City,30278.45
29.0,Female,High School,Operations,Operations Analyst,9.0,Metro City,39958.95
50.0,Female,PhD,Marketing,SEO Specialist,17.0,Remote,118690.37
48.0,Female,Bachelor's,HR,HR Manager,21.0,Remote,76569.34
27.0,Male,PhD,Marketing,Marketing Executive,0.0,Metro City,81889.5
26.0,Male,High School,Finance,Accountant,4.0,Metro City,40442.98
23.0,Male,Bachelor's,Sales,Account Manager,3.0,Metro City,60316.23
53.0,Female,Bachelor's,Marketing,Marketing Manager,16.0,Tier-2 City,86560.24
31.0,Female,High School,Sales,Sales Executive,11.0,Tier-2 City,28670.89
53.0,Male,Master's,Operations,Operations Analyst,24.0,Metro City,110441.35
37.0,Male,Master's,Sales,Account Manager,11.0,Metro City,100685.59
21.0,Male,Bachelor's,Finance,Finance Manager,0.0,Metro City,56785.55
24.0,Male,Master's,HR,HR Manager,4.0,Remote,61433.0
31.0,Male,Bachelor's,Finance,Finance Manager,4.0,Remote,65790.13
25.0,Female,Master's,Finance,Finance Manager,0.0,Tier-2 City,66521.33
36.0,Male,Master's,Marketing,Marketing Manager,7.0,Tier-2 City,77720.96
31.0,Female,PhD,Finance,Financial Analyst,2.0,Remote,78043.21
28.0,Male,Bachelor's,Sales,Account Manager,8.0,Remote,63739.52
,Female,Bachelor's,Marketing,Marketing Executive,3.0,Tier-2 City,46292.04
41.0,Male,High School,HR,Recruiter,12.0,Metro City,36665.15
41.0,Male,Bachelor's,HR,Recruiter,6.0,Metro City,51813.35
39.0,Male,Bachelor's,Marketing,SEO Specialist,11.0,Tier-2 City,57931.33
28.0,Female,PhD,Finance,Accountant,2.0,Remote,79453.3
25.0,Male,Master's,Sales,Sales Manager,3.0,Metro City,75975.8
35.0,Male,Bachelor's,Sales,Sales Executive,5.0,Tier-2 City,42897.93
33.0,Female,PhD,Marketing,SEO Specialist,13.0,Metro City,116895.73
,Female,Bachelor's,IT,DevOps Engineer,13.0,Metro City,97073.18
41.0,Male,PhD,HR,HR Manager,14.0,Tier-2 City,100683.32
55.0,Male,Master's,Finance,Finance Manager,15.0,Tier-2 City,103781.76
27.0,Male,High School,Marketing,Marketing Executive,4.0,Remote,32352.65
41.0,Female,Bachelor's,Marketing,SEO Specialist,7.0,Metro City,57509.34
40.0,Male,Master's,HR,Recruiter,20.0,Metro City,95848.58
31.0,Female,High School,Operations,Logistics Coordinator,4.0,Remote,28615.12
48.0,Female,Bachelor's,Sales,Sales Executive,21.0,Tier-2 City,70324.22
37.0,Female,Bachelor's,Marketing,SEO Specialist,17.0,Metro City,79263.44
24.0,Male,PhD,Marketing,Marketing Executive,4.0,Tier-2 City,70540.53
28.0,Male,Bachelor's,Finance,Accountant,1.0,Tier-2 City,46537.2
37.0,Male,High School,Sales,Account Manager,11.0,Remote,44954.62
27.0,Female,Master's,Marketing,Marketing Executive,0.0,Metro City,59916.71
35.0,Male,Bachelor's,Finance,Financial Analyst,7.0,Tier-2 City,52120.53
21.0,Female,Bachelor's,IT,IT Support,0.0,Metro City,60122.58
37.0,Female,Master's,Marketing,Marketing Executive,7.0,Metro City,78204.0
35.0,Male,High School,IT,IT Support,4.0,Tier-2 City,36507.32
22.0,Male,Master's,Marketing,Marketing Manager,2.0,Metro City,69227.88
37.0,Female,Master's,Operations,Operations Analyst,10.0,Remote,67802.66
45.0,Female,High School,IT,Software Engineer,10.0,Metro City,60738.99
36.0,Male,Bachelor's,Operations,Logistics Coordinator,4.0,Metro City,51752.94
37.0,Female,Master's,HR,Recruiter,13.0,Metro City,86867.83
36.0,Male,Bachelor's,Marketing,Marketing Executive,5.0,Tier-2 City,46722.59
21.0,Female,High School,Operations,Operations Analyst,0.0,Metro City,22110.75
36.0,Male,High School,HR,HR Executive,5.0,Tier-2 City,32277.59
40.0,Male,Master's,Sales,Sales Executive,9.0,Metro City,85819.42
27.0,Male,High School,Marketing,Marketing Manager,4.0,Metro City,45082.15
35.0,Male,PhD,Finance,Financial Analyst,5.0,Tier-2 City,85154.45
36.0,Female,Bachelor's,Operations,Operations Manager,11.0,Tier-2 City,63797.26
42.0,Male,PhD,Marketing,Marketing Executive,16.0,Remote,110098.61
31.0,Female,High School,Finance,Financial Analyst,3.0,Tier-2 City,33315.85
46.0,Male,Bachelor's,Finance,Financial Analyst,11.0,Tier-2 City,57710.94
34.0,Male,High School,Finance,Finance Manager,8.0,Tier-2 City,45085.47
30.0,Male,Bachelor's,HR,HR Executive,10.0,Remote,46984.65
35.0,Male,Master's,Finance,Financial Analyst,7.0,Metro City,91971.76
42.0,Male,Master's,IT,Software Engineer,14.0,Metro City,118852.97
39.0,Male,Bachelor's,HR,Recruiter,8.0,Metro City,52654.58
37.0,Male,Master's,Operations,Logistics Coordinator,,Metro City,78488.36
21.0,Male,Bachelor's,Sales,Account Manager,0.0,Remote,49821.28
23.0,Female,Master's,IT,Software Engineer,0.0,Tier-2 City,61051.54
23.0,Male,High School,Operations,Logistics Coordinator,3.0,Tier-2 City,29466.71
36.0,Female,Master's,Sales,Account Manager,6.0,Remote,75508.82
40.0,Male,High School,Sales,Sales Executive,10.0,Metro City,46632.19
39.0,Male,Master's,Marketing,SEO Specialist,11.0,Metro City,88373.78
33.0,Male,Bachelor's,Marketing,Marketing Executive,8.0,Metro City,66730.3
36.0,Male,PhD,Sales,Account Manager,9.0,Metro City,121756.13
46.0,Female,PhD,Operations,Operations Manager,16.0,Tier-2 City,106674.41
34.0,Male,Bachelor's,Operations,Operations Analyst,8.0,Tier-2 City,47749.09
29.0,Female,Bachelor's,Sales,Account Manager,3.0,Remote,55274.35
29.0,Male,Bachelor's,Operations,Logistics Coordinator,6.0,Metro City,49293.25
40.0,Male,Bachelor's,Finance,Financial Analyst,17.0,Remote,78978.07
34.0,Female,High School,Operations,Operations Manager,4.0,Tier-2 City,35351.17
28.0,Female,Master's,Operations,Operations Analyst,6.0,Metro City,67651.18
35.0,Female,Bachelor's,Marketing,Marketing Manager,10.0,Metro City,83315.26
29.0,Female,PhD,Marketing,SEO Specialist,3.0,Tier-2 City,63618.23
44.0,Male,Master's,HR,HR Executive,11.0,Metro City,88282.74
46.0,Male,Bachelor's,Marketing,Marketing Executive,12.0,Tier-2 City,64294.86
37.0,Male,Master's,Marketing,SEO Specialist,11.0,Tier-2 City,72918.61
39.0,Male,Bachelor's,IT,Data Analyst,5.0,Metro City,74921.58
27.0,Female,Bachelor's,Finance,Financial Analyst,0.0,Metro City,46799.35
33.0,Male,High School,IT,Data Analyst,13.0,Metro City,59756.89
38.0,Male,Bachelor's,Marketing,SEO Specialist,9.0,Tier-2 City,60247.63
32.0,Male,PhD,IT,IT Support,1.0,Metro City,106948.34
32.0,Male,Master's,Finance,Financial Analyst,6.0,Metro City,84730.87
32.0,Female,PhD,IT,Data Analyst,8.0,Tier-2 City,112998.28
29.0,Female,High School,HR,HR Manager,9.0,Remote,43212.37
43.0,Male,PhD,HR,HR Executive,9.0,Metro City,100492.84
44.0,Male,High School,Sales,Sales Manager,12.0,Metro City,55690.66
30.0,Male,Bachelor's,Finance,Finance Manager,4.0,Tier-2 City,60030.26
33.0,Male,High School,Operations,Operations Manager,13.0,Remote,46187.79
44.0,Male,Bachelor's,Operations,Logistics Coordinator,20.0,Metro City,77409.7
40.0,Female,High School,Sales,Account Manager,3.0,Metro City,37110.11
31.0,Female,Bachelor's,Marketing,SEO Specialist,9.0,Metro City,61799.77
30.0,Male,High School,HR,HR Executive,6.0,Remote,34058.38
23.0,Male,Bachelor's,Operations,Operations Manager,3.0,Metro City,59537.08
21.0,Male,Bachelor's,Marketing,Marketing Manager,0.0,Remote,54600.56
28.0,Female,PhD,IT,Data Analyst,4.0,Tier-2 City,92423.44
34.0,Male,High School,Finance,Financial Analyst,5.0,Remote,30162.46
32.0,Male,High School,Finance,Finance Manager,12.0,Tier-2 City,53725.54
21.0,Female,Bachelor's,Sales,Account Manager,1.0,Tier-2 City,44737.37
27.0,Male,Master's,Marketing,SEO Specialist,0.0,Metro City,61039.09
30.0,Female,PhD,Finance,Finance Manager,10.0,Metro City,134192.44
31.0,Male,High School,Sales,Sales Manager,2.0,Remote,43141.07
21.0,Female,Master's,HR,HR Executive,0.0,Tier-2 City,38439.51
40.0,Male,High School,Operations,Operations Analyst,13.0,Metro City,45263.94
43.0,Male,High School,Operations,Operations Manager,7.0,Metro City,49003.94
41.0,Male,Bachelor's,IT,Data Analyst,15.0,Remote,89376.36
45.0,Female,High School,Finance,Finance Manager,17.0,Metro City,67967.75
37.0,Female,Master's,IT,IT Support,5.0,Tier-2 City,76994.0
42.0,Male,Bachelor's,HR,Recruiter,13.0,Metro City,70498.53
21.0,Female,Bachelor's,IT,IT Support,0.0,Tier-2 City,39337.64
23.0,Male,Bachelor's,Operations,Operations Manager,0.0,Tier-2 City,41275.47
21.0,Male,Master's,Finance,Financial Analyst,0.0,Tier-2 City,40705.56
30.0,Male,Bachelor's,Sales,Sales Executive,5.0,Remote,49219.84
27.0,Male,Bachelor's,Operations,Operations Manager,1.0,Tier-2 City,51135.53
47.0,Female,High School,Sales,Sales Executive,15.0,Tier-2 City,40927.83
35.0,Female,Bachelor's,Sales,Sales Executive,7.0,Tier-2 City,51187.09
29.0,Female,High School,Finance,Finance Manager,9.0,Remote,49630.85
21.0,Female,Bachelor's,Finance,Accountant,0.0,Metro City,45952.16
25.0,Male,Bachelor's,Finance,Financial Analyst,5.0,Tier-2 City,52254.96
28.0,Female,PhD,Operations,Operations Manager,2.0,Metro City,84690.03
27.0,Male,Master's,IT,Data Analyst,0.0,Remote,65484.79
55.0,Male,Bachelor's,IT,IT Support,15.0,Tier-2 City,89189.63
21.0,Female,Bachelor's,IT,Data Analyst,1.0,Remote,56165.62
50.0,Female,Master's,HR,Recruiter,15.0,Metro City,89312.27
34.0,Female,Master's,Finance,Accountant,14.0,Remote,89591.05
42.0,Male,Master's,Operations,Operations Analyst,17.0,Metro City,98106.56
35.0,Male,Bachelor's,Finance,Finance Manager,6.0,Metro City,69792.31
24.0,Male,Bachelor's,Sales,Account Manager,0.0,Tier-2 City,45897.28
27.0,Female,PhD,IT,Data Analyst,1.0,Tier-2 City,80954.89
48.0,Female,Master's,Sales,Account Manager,17.0,Remote,104791.22
24.0,Male,Bachelor's,Sales,Account Manager,3.0,Metro City,64255.25
34.0,Female,Bachelor's,Sales,Sales Manager,7.0,Metro City,65265.41
21.0,Female,Master's,Marketing,Marketing Manager,0.0,Tier-2 City,54800.52
32.0,Male,Bachelor's,IT,IT Support,1.0,Metro City,59383.41
22.0,Female,Master's,Finance,Financial Analyst,0.0,Tier-2 City,46734.97
21.0,Female,Bachelor's,Marketing,Marketing Executive,0.0,Metro City,48843.93
27.0,Female,High School,Sales,Account Manager,0.0,Remote,40023.33
27.0,Male,Master's,Operations,Operations Manager,7.0,Metro City,80182.72
35.0,Female,High School,Operations,Operations Analyst,1.0,Metro City,32957.83
37.0,Female,Master's,Sales,Sales Executive,11.0,Tier-2 City,67987.84
40.0,Female,Bachelor's,Operations,Logistics Coordinator,9.0,Tier-2 City,45698.92
21.0,Male,PhD,Finance,Accountant,0.0,Metro City,82791.69
37.0,Female,Bachelor's,Operations,Operations Analyst,7.0,Metro City,57611.41
51.0,Female,Master's,Marketing,Marketing Executive,12.0,Tier-2 City,76320.94
40.0,Female,Bachelor's,Operations,Operations Analyst,11.0,Remote,51373.7
50.0,Female,Bachelor's,Marketing,SEO Specialist,16.0,Remote,72749.03
49.0,Female,Bachelor's,Finance,Finance Manager,15.0,Tier-2 City,83720.14
29.0,Female,Bachelor's,HR,HR Manager,3.0,Tier-2 City,51836.18
28.0,Male,Master's,Sales,Sales Executive,8.0,Remote,62025.84
52.0,Female,High School,Finance,Accountant,18.0,Metro City,59872.52
29.0,Male,High School,IT,DevOps Engineer,8.0,Tier-2 City,38682.59
36.0,Male,Bachelor's,Operations,Logistics Coordinator,11.0,Metro City,64806.18
42.0,Male,Bachelor's,Finance,Financial Analyst,11.0,Tier-2 City,61681.74
30.0,Female,Bachelor's,Operations,Operations Analyst,0.0,Remote,40355.24
31.0,Female,Master's,Sales,Account Manager,4.0,Remote,71806.36
21.0,Male,Bachelor's,Sales,Sales Executive,,Tier-2 City,32852.58
39.0,Male,Bachelor's,IT,IT Support,7.0,Metro City,76968.73
38.0,Male,Bachelor's,Marketing,Marketing Manager,8.0,Remote,62777.04
33.0,Male,Master's,Finance,Financial Analyst,10.0,Metro City,91982.02
40.0,Male,Master's,IT,Data Analyst,8.0,Metro City,101356.32
31.0,Male,Master's,HR,Recruiter,4.0,Metro City,59745.05
31.0,Female,Master's,Operations,Logistics Coordinator,6.0,Tier-2 City,61762.45
52.0,Female,Bachelor's,HR,HR Executive,15.0,Metro City,67890.39
22.0,Female,Bachelor's,Operations,Logistics Coordinator,2.0,Tier-2 City,40681.74
37.0,Male,High School,Finance,Finance Manager,1.0,Remote,45250.04
31.0,Female,Bachelor's,Finance,Finance Manager,8.0,Metro City,76931.77
39.0,Female,Master's,Finance,Accountant,6.0,Metro City,87114.17
31.0,Female,Bachelor's,IT,DevOps Engineer,6.0,Tier-2 City,59604.6
39.0,Male,PhD,Sales,Sales Executive,12.0,Tier-2 City,91374.92
34.0,Female,Bachelor's,IT,IT Support,7.0,Metro City,77346.08
31.0,Female,Bachelor's,Marketing,Marketing Manager,0.0,Metro City,62812.49
47.0,Female,Master's,Operations,Operations Manager,10.0,Tier-2 City,81435.24
32.0,Female,Bachelor's,Operations,Operations Manager,8.0,Tier-2 City,56793.77
28.0,Female,Master's,Sales,Sales Manager,1.0,Metro City,76342.44
39.0,Male,Bachelor's,Sales,Account Manager,5.0,Metro City,66372.4
48.0,Male,Bachelor's,Operations,Operations Analyst,21.0,Metro City,80587.32
36.0,Female,Master's,Operations,Logistics Coordinator,5.0,Tier-2 City,59901.03
41.0,Male,Master's,Operations,Operations Analyst,10.0,Metro City,81277.73
39.0,Male,Master's,Finance,Financial Analyst,14.0,Metro City,112044.28
30.0,Male,Master's,Operations,Operations Analyst,1.0,Remote,55394.61
34.0,Female,Bachelor's,Marketing,SEO Specialist,12.0,Remote,67302.74
39.0,Male,Bachelor's,HR,Recruiter,15.0,Tier-2 City,51268.95
32.0,Female,Bachelor's,Operations,Operations Manager,7.0,Tier-2 City,60882.69
41.0,Female,Bachelor's,IT,Data Analyst,17.0,Metro City,101746.27
33.0,Male,PhD,IT,IT Support,1.0,Remote,81935.55
38.0,Male,Master's,Sales,Account Manager,3.0,Metro City,77805.94
24.0,Male,PhD,Operations,Operations Manager,4.0,Metro City,88920.5
38.0,Male,Bachelor's,Finance,Finance Manager,9.0,Metro City,90776.03
29.0,Male,High School,IT,IT Support,6.0,Tier-2 City,35997.38
52.0,Male,Bachelor's,HR,Recruiter,22.0,Metro City,81118.31
29.0,Male,Bachelor's,Marketing,SEO Specialist,0.0,Tier-2 City,38408.04
28.0,Female,Master's,Operations,Operations Analyst,,Metro City,73823.51
21.0,Male,Master's,Finance,Financial Analyst,0.0,Metro City,61586.23
41.0,Male,PhD,Operations,Operations Manager,6.0,Tier-2 City,84492.31
38.0,Female,Master's,Sales,Account Manager,11.0,Metro City,101162.9
43.0,Female,Master's,Finance,Finance Manager,16.0,Metro City,117535.49
27.0,Male,PhD,Operations,Logistics Coordinator,0.0,Tier-2 City,56528.62
21.0,Male,Master's,IT,Software Engineer,0.0,Metro City,77611.56
37.0,Female,Master's,Finance,Financial Analyst,16.0,Tier-2 City,91499.08
54.0,Male,Master's,Sales,Account Manager,17.0,Metro City,120065.22
24.0,Male,Master's,HR,Recruiter,1.0,Remote,46501.66
38.0,Female,Master's,Sales,Sales Executive,11.0,Remote,73577.79
35.0,Male,High School,Sales,Account Manager,10.0,Metro City,45784.31
25.0,Female,Bachelor's,Finance,Finance Manager,0.0,Tier-2 City,52451.56
28.0,Male,High School,Operations,Operations Manager,3.0,Metro City,44676.57
36.0,Female,PhD,Finance,Accountant,11.0,Remote,109420.75
34.0,Male,Master's,Operations,Logistics Coordinator,11.0,Tier-2 City,69855.92
33.0,Female,Master's,Marketing,SEO Specialist,4.0,Metro City,70808.91
36.0,Female,Bachelor's,Marketing,Marketing Manager,11.0,Metro City,89888.05
24.0,Male,Master's,IT,Software Engineer,0.0,Remote,56784.63
36.0,Male,High School,IT,Data Analyst,5.0,Metro City,41875.65
33.0,Male,Bachelor's,Sales,Sales Executive,0.0,Remote,38395.31
24.0,Male,High School,Operations,Operations Manager,2.0,Tier-2 City,30667.18
46.0,Female,Master's,HR,Recruiter,12.0,Metro City,79683.41
29.0,Male,Master's,Finance,Finance Manager,1.0,Tier-2 City,71864.85
24.0,Female,Master's,HR,HR Manager,4.0,Tier-2 City,65343.76
37.0,Female,PhD,IT,Data Analyst,7.0,Tier-2 City,108238.6
35.0,Female,Master's,Sales,Sales Manager,5.0,Tier-2 City,69919.77
31.0,Female,Bachelor's,Sales,Sales Manager,7.0,Metro City,65752.43
44.0,Male,Master's,IT,Software Engineer,14.0,Remote,103090.25
41.0,Male,PhD,Marketing,Marketing Manager,9.0,Remote,101056.91
28.0,Female,PhD,Marketing,Marketing Manager,0.0,Metro City,85370.16
37.0,Male,Master's,Sales,Sales Executive,5.0,Metro City,66239.86
32.0,Male,Master's,Operations,Operations Analyst,12.0,Metro City,83058.09
47.0,Male,Master's,Marketing,Marketing Manager,7.0,Metro City,86663.65
41.0,Female,Bachelor's,IT,Data Analyst,12.0,Metro City,93882.93
31.0,Male,Master's,IT,IT Support,10.0,Metro City,104065.86
33.0,Male,High School,Sales,Sales Executive,2.0,Tier-2 City,22642.39
24.0,Male,Bachelor's,Finance,Financial Analyst,4.0,Metro City,63739.89
41.0,Female,Master's,Finance,Accountant,15.0,Remote,89516.91
36.0,Male,High School,Marketing,Marketing Executive,8.0,Remote,36682.93
27.0,Male,High School,Operations,Operations Analyst,1.0,Tier-2 City,23078.46
32.0,Female,Bachelor's,Finance,Accountant,5.0,Remote,55912.95
33.0,Female,High School,IT,Data Analyst,7.0,Metro City,55217.62
53.0,Female,Master's,IT,IT Support,22.0,Tier-2 City,125512.03
23.0,Male,Bachelor's,IT,DevOps Engineer,0.0,Remote,44640.2
41.0,Female,Master's,HR,HR Manager,18.0,Metro City,102147.17
23.0,Male,Bachelor's,Marketing,SEO Specialist,3.0,Metro City,54144.93
26.0,Male,Master's,Marketing,Marketing Executive,4.0,Remote,56423.24
31.0,Male,Master's,HR,Recruiter,11.0,Metro City,74313.51
44.0,Male,PhD,HR,Recruiter,13.0,Remote,87365.23
31.0,Male,Master's,Operations,Operations Manager,7.0,Tier-2 City,72998.15
49.0,Female,PhD,Finance,Finance Manager,21.0,Tier-2 City,144561.4
28.0,Male,Master's,Finance,Accountant,8.0,Tier-2 City,71255.47
28.0,Male,Bachelor's,HR,HR Executive,0.0,Metro City,41372.92
32.0,Female,Bachelor's,HR,HR Executive,5.0,Metro City,48444.29
50.0,Male,High School,Marketing,Marketing Executive,15.0,Metro City,58859.4
39.0,Female,Master's,Marketing,Marketing Manager,7.0,Metro City,95724.37
32.0,Female,Master's,Finance,Finance Manager,4.0,Metro City,87711.86
32.0,Female,Bachelor's,Finance,Financial Analyst,8.0,Remote,56658.63
29.0,Male,Master's,HR,HR Manager,0.0,Tier-2 City,52479.08
22.0,Female,Master's,Operations,Operations Analyst,0.0,Metro City,58333.08
42.0,Male,Bachelor's,Marketing,Marketing Executive,13.0,Remote,68512.07
27.0,Male,PhD,Marketing,Marketing Manager,5.0,Remote,83580.47
31.0,Male,Bachelor's,Marketing,Marketing Executive,6.0,Metro City,58044.67
42.0,Female,Bachelor's,Marketing,Marketing Manager,13.0,Remote,67908.76
47.0,Female,Bachelor's,HR,HR Manager,14.0,Metro City,79604.97
31.0,Female,Bachelor's,Finance,Accountant,0.0,Metro City,52064.3
30.0,Male,High School,HR,Recruiter,4.0,Metro City,35456.0
37.0,Male,High School,Operations,Logistics Coordinator,6.0,Tier-2 City,31057.56
33.0,Female,Bachelor's,Finance,Accountant,7.0,Metro City,63630.51
28.0,Female,Bachelor's,Sales,Sales Manager,5.0,Tier-2 City,53045.15
45.0,Male,Bachelor's,HR,Recruiter,11.0,Metro City,63452.82
44.0,Male,Bachelor's,Operations,Operations Analyst,13.0,Metro City,68460.5
43.0,Male,PhD,Marketing,Marketing Executive,12.0,Remote,98784.23
34.0,Female,Bachelor's,Sales,Account Manager,7.0,Tier-2 City,56134.51
,Male,Bachelor's,Operations,Logistics Coordinator,4.0,Tier-2 City,41235.2
28.0,Female,High School,IT,Software Engineer,6.0,Tier-2 City,43753.78
29.0,Female,Bachelor's,Finance,Finance Manager,2.0,Tier-2 City,53420.57
37.0,Female,High School,Operations,Operations Manager,16.0,Metro City,59966.38
22.0,Female,Master's,Marketing,Marketing Manager,2.0,Remote,61559.04
44.0,Male,Master's,Marketing,Marketing Manager,15.0,Tier-2 City,91307.63
41.0,Male,Master's,Sales,Sales Executive,19.0,Metro City,101738.27
36.0,Female,Master's,Sales,Sales Executive,14.0,Metro City,93777.56
39.0,Male,High School,Marketing,Marketing Manager,12.0,Metro City,48644.47
42.0,Female,Master's,IT,DevOps Engineer,14.0,Metro City,128642.05
34.0,Female,Master's,Marketing,Marketing Manager,4.0,Metro City,75185.54
33.0,Male,High School,Marketing,Marketing Executive,10.0,Metro City,49890.96
37.0,Male,Bachelor's,HR,Recruiter,13.0,Tier-2 City,51738.98
25.0,Male,Bachelor's,Finance,Finance Manager,2.0,Tier-2 City,55103.4
40.0,Female,PhD,Sales,Sales Manager,10.0,Tier-2 City,95315.95
39.0,Male,Master's,Marketing,Marketing Executive,10.0,Remote,69952.64
41.0,Male,Master's,Marketing,Marketing Executive,12.0,Tier-2 City,73627.09
44.0,Female,Master's,IT,DevOps Engineer,13.0,Metro City,122076.8
40.0,Female,High School,HR,HR Manager,13.0,Metro City,53793.17
34.0,Male,Master's,Finance,Accountant,7.0,Metro City,83218.71
30.0,Female,PhD,Sales,Sales Executive,4.0,Remote,73642.36
36.0,Female,Bachelor's,Marketing,Marketing Manager,13.0,Tier-2 City,70206.98
30.0,Male,Bachelor's,HR,HR Manager,0.0,Remote,52125.18
26.0,Male,Bachelor's,IT,Software Engineer,0.0,Metro City,56501.87
21.0,Female,Bachelor's,Marketing,Marketing Manager,0.0,Remote,50738.39
21.0,Male,Master's,HR,HR Executive,1.0,Metro City,50414.72
30.0,Male,Master's,Finance,Finance Manager,0.0,Tier-2 City,65805.06
34.0,Male,Master's,Finance,Financial Analyst,13.0,Tier-2 City,83801.23
36.0,Female,High School,Operations,Operations Manager,9.0,Remote,47445.76
51.0,Male,High School,Marketing,SEO Specialist,16.0,Tier-2 City,35665.94
21.0,Female,PhD,HR,HR Manager,1.0,Remote,69391.77
26.0,Female,Bachelor's,Marketing,Marketing Manager,6.0,Remote,56228.71
36.0,Male,Bachelor's,Finance,Finance Manager,8.0,Tier-2 City,65962.33
40.0,Female,Bachelor's,HR,HR Executive,10.0,Tier-2 City,50131.05
26.0,Male,High School,Operations,Operations Manager,5.0,Metro City,43409.0
30.0,Female,Bachelor's,Sales,Sales Manager,3.0,Metro City,57202.03
45.0,Female,Master's,Sales,Sales Executive,11.0,Metro City,82653.2
44.0,Male,Bachelor's,IT,IT Support,13.0,Remote,80952.1
29.0,Female,Bachelor's,Operations,Logistics Coordinator,0.0,Remote,34915.56
49.0,Female,High School,IT,IT Support,19.0,Metro City,69926.8
52.0,Male,High School,Operations,Operations Manager,18.0,Tier-2 City,53835.9
21.0,Male,Bachelor's,IT,DevOps Engineer,0.0,Metro City,56656.51
25.0,Male,Bachelor's,HR,Recruiter,5.0,Tier-2 City,38965.12
26.0,Female,Bachelor's,IT,IT Support,0.0,Remote,41906.14
28.0,Male,Bachelor's,HR,Recruiter,8.0,Tier-2 City,43619.41
39.0,Female,Bachelor's,HR,HR Executive,9.0,Remote,44717.95
36.0,Male,Bachelor's,Marketing,Marketing Executive,8.0,Remote,55076.91
45.0,Female,High School,HR,HR Manager,15.0,Tier-2 City,49371.55
43.0,Female,PhD,HR,Recruiter,10.0,Metro City,103582.97
26.0,Male,Master's,Finance,Accountant,6.0,Remote,68676.12
21.0,Male,Master's,Marketing,SEO Specialist,0.0,Tier-2 City,37654.79
38.0,Male,Bachelor's,Marketing,SEO Specialist,3.0,Metro City,57019.13
34.0,Male,Master's,Finance,Financial Analyst,5.0,Tier-2 City,74852.07
,Male,PhD,Sales,Account Manager,5.0,Tier-2 City,85527.58
34.0,Male,High School,Marketing,SEO Specialist,9.0,Tier-2 City,30623.88
32.0,Male,Bachelor's,HR,Recruiter,2.0,Metro City,44262.33
33.0,Male,Master's,HR,Recruiter,3.0,Remote,46129.2
55.0,Male,Bachelor's,Marketing,Marketing Executive,20.0,Remote,74908.39
21.0,Male,Bachelor's,HR,HR Executive,0.0,Metro City,43178.8
37.0,Male,PhD,Marketing,Marketing Executive,6.0,Metro City,98251.56
34.0,Male,Bachelor's,Sales,Account Manager,6.0,Remote,57470.12
28.0,Female,Master's,Operations,Logistics Coordinator,8.0,Metro City,72081.87
44.0,Male,Master's,Operations,Logistics Coordinator,6.0,Tier-2 City,56185.77
37.0,Female,Master's,HR,HR Executive,14.0,Remote,69357.17
29.0,Male,Bachelor's,HR,Recruiter,9.0,Metro City,53564.25
24.0,Male,PhD,IT,Data Analyst,4.0,Tier-2 City,83327.68
31.0,Male,Bachelor's,Finance,Finance Manager,2.0,Tier-2 City,54366.66
40.0,Female,Bachelor's,IT,IT Support,15.0,Tier-2 City,75574.18
37.0,Male,Master's,Sales,Account Manager,11.0,Tier-2 City,79039.58
33.0,Male,High School,Finance,Finance Manager,9.0,Tier-2 City,43475.88
32.0,Female,High School,HR,Recruiter,11.0,Metro City,40619.36
27.0,Male,Bachelor's,Operations,Operations Analyst,0.0,Metro City,44569.2
30.0,Male,Master's,Sales,Account Manager,3.0,Metro City,79493.53
47.0,Male,Master's,Finance,Financial Analyst,11.0,Metro City,97608.6
28.0,Female,Master's,Finance,Finance Manager,0.0,Metro City,75067.16
23.0,Male,Master's,Finance,Finance Manager,0.0,Remote,65951.05
27.0,Female,Bachelor's,Sales,Account Manager,2.0,Metro City,55489.75
44.0,Male,Bachelor's,Marketing,Marketing Manager,19.0,Remote,89176.84
38.0,Male,High School,Finance,Finance Manager,10.0,Remote,53534.82
31.0,Male,High School,Finance,Accountant,1.0,Metro City,34712.04
65.0,Male,Bachelor's,Sales,Sales Manager,21.0,Metro City,98178.3
27.0,Male,Master's,IT,DevOps Engineer,2.0,Tier-2 City,64405.87
34.0,Female,Bachelor's,Operations,Operations Analyst,7.0,Metro City,54418.81
34.0,Male,Master's,IT,Software Engineer,13.0,Remote,102432.98
37.0,Male,Bachelor's,IT,Data Analyst,10.0,Tier-2 City,64784.92
38.0,Female,Bachelor's,Marketing,SEO Specialist,4.0,Metro City,57762.29
34.0,Male,High School,Finance,Financial Analyst,11.0,Remote,34831.14
37.0,Female,Bachelor's,Sales,Account Manager,7.0,Metro City,73921.67
25.0,Male,Bachelor's,Finance,Financial Analyst,2.0,Tier-2 City,47422.08
31.0,Male,High School,Operations,Operations Analyst,6.0,Remote,29862.85
37.0,Female,Bachelor's,Finance,Financial Analyst,7.0,Tier-2 City,55953.53
21.0,Male,Master's,Sales,Account Manager,1.0,Tier-2 City,60636.3
25.0,Female,High School,HR,HR Manager,0.0,Metro City,41616.65
32.0,Female,Bachelor's,Marketing,Marketing Executive,9.0,Metro City,64680.62
31.0,Female,High School,HR,HR Manager,2.0,Remote,33761.35
41.0,Male,Master's,IT,IT Support,,Tier-2 City,86331.44
51.0,Female,Bachelor's,Finance,Financial Analyst,14.0,Metro City,86626.55
30.0,Male,Bachelor's,HR,Recruiter,9.0,Tier-2 City,46321.62
31.0,Female,Bachelor's,Sales,Sales Manager,2.0,Metro City,62561.13
45.0,Female,PhD,IT,IT Support,11.0,Remote,125867.86
37.0,Female,High School,Operations,Logistics Coordinator,13.0,Metro City,44020.81
37.0,Female,High School,Marketing,Marketing Manager,12.0,Tier-2 City,49208.52
36.0,Female,Bachelor's,Operations,Logistics Coordinator,12.0,Metro City,67422.45
40.0,Female,High School,IT,IT Support,16.0,Tier-2 City,54971.36
28.0,Female,PhD,Sales,Sales Executive,1.0,Metro City,80852.77
48.0,Female,Bachelor's,Marketing,Marketing Manager,11.0,Tier-2 City,76912.15
30.0,Male,Bachelor's,Sales,Sales Executive,6.0,Tier-2 City,49604.69
34.0,Male,Bachelor's,Finance,Financial Analyst,6.0,Tier-2 City,54832.85
26.0,Male,Bachelor's,Sales,Sales Manager,6.0,Remote,61983.86
21.0,Female,Bachelor's,HR,HR Executive,1.0,Tier-2 City,32656.47
45.0,Female,PhD,HR,Recruiter,12.0,Metro City,103439.58
31.0,Male,PhD,IT,DevOps Engineer,4.0,Metro City,116249.38
42.0,Female,Bachelor's,IT,Data Analyst,14.0,Metro City,102308.57
28.0,Male,High School,Sales,Sales Manager,3.0,Tier-2 City,44881.69
35.0,Female,Master's,Marketing,Marketing Executive,5.0,Metro City,74128.83
43.0,Female,Bachelor's,HR,Recruiter,15.0,Tier-2 City,54018.18
33.0,Male,Bachelor's,Sales,Sales Executive,10.0,Metro City,65842.52
30.0,Female,Bachelor's,Operations,Operations Analyst,6.0,Tier-2 City,43214.56
26.0,Female,Bachelor's,Operations,Operations Manager,6.0,Metro City,59192.03
29.0,Male,Bachelor's,HR,HR Executive,7.0,Tier-2 City,43641.11
28.0,Female,PhD,Marketing,Marketing Manager,0.0,Remote,72835.78
37.0,Male,Master's,Operations,Operations Analyst,9.0,Metro City,74530.78
32.0,Male,Bachelor's,Marketing,Marketing Executive,12.0,Metro City,65981.83
21.0,Male,High School,Operations,Logistics Coordinator,0.0,Metro City,30495.32
36.0,Male,Master's,Operations,Operations Analyst,16.0,Tier-2 City,79419.0
40.0,Female,Master's,Marketing,Marketing Executive,5.0,Tier-2 City,61149.64
,Female,Bachelor's,Operations,Operations Manager,10.0,Remote,65987.99
30.0,Female,PhD,Sales,Sales Manager,5.0,Tier-2 City,87067.84
